,id,city,gender,pom,toss_decision,winner,team_type,won_by
0,0,Hyderabad,male,Yuvraj Singh,field,Royal Challengers Bangalore,club,{'runs': 35}
1,1,Pune,male,SPD Smith,field,Rising Pune Supergiant,club,{'wickets': 7}
2,2,Rajkot,male,CA Lynn,field,Kolkata Knight Riders,club,{'wickets': 10}
3,3,Indore,male,GJ Maxwell,field,Kings XI Punjab,club,{'wickets': 6}
4,4,Bengaluru,male,KM Jadhav,bat,Royal Challengers Bangalore,club,{'runs': 15}
5,5,Hyderabad,male,Rashid Khan,field,Sunrisers Hyderabad,club,{'wickets': 9}
6,6,Mumbai,male,N Rana,field,Mumbai Indians,club,{'wickets': 4}
7,7,Indore,male,AR Patel,bat,Royal Challengers Bangalore,club,{'wickets': 8}
8,8,Pune,male,SV Samson,field,Rising Pune Supergiant,club,{'runs': 97}
9,9,Mumbai,male,JJ Bumrah,field,Mumbai Indians,club,{'wickets': 4}
10,10,Kolkata,male,SP Narine,field,Kolkata Knight Riders,club,{'wickets': 8}
11,11,Bangalore,male,KA Pollard,field,Mumbai Indians,club,{'wickets': 4}
12,12,Rajkot,male,AJ Tye,field,Gujarat Lions,club,{'wickets': 7}
13,13,Kolkata,male,RV Uthappa,field,Sunrisers Hyderabad,club,{'runs': 17}
14,14,Delhi,male,CJ Anderson,bat,Delhi Daredevils,club,{'runs': 51}
15,15,Mumbai,male,N Rana,field,Mumbai Indians,club,{'wickets': 6}
16,16,Bangalore,male,BA Stokes,field,Royal Challengers Bangalore,club,{'runs': 27}
17,17,Delhi,male,NM Coulter-Nile,bat,Delhi Daredevils,club,{'wickets': 4}
18,18,Hyderabad,male,B Kumar,field,Kings XI Punjab,club,{'runs': 5}
19,19,Rajkot,male,CH Gayle,field,Gujarat Lions,club,{'runs': 21}
20,20,Hyderabad,male,KS Williamson,bat,Sunrisers Hyderabad,club,{'runs': 15}
21,21,Indore,male,JC Buttler,field,Mumbai Indians,club,{'wickets': 8}
22,22,Kolkata,male,SK Raina,field,Gujarat Lions,club,{'wickets': 4}
23,23,Mumbai,male,MJ McClenaghan,field,Delhi Daredevils,club,{'runs': 14}
24,24,Pune,male,MS Dhoni,field,Rising Pune Supergiant,club,{'wickets': 6}
25,25,Rajkot,male,HM Amla,field,Gujarat Lions,club,{'runs': 26}
26,26,Kolkata,male,NM Coulter-Nile,field,Royal Challengers Bangalore,club,{'runs': 82}
27,27,Mumbai,male,BA Stokes,field,Mumbai Indians,club,{'runs': 3}
28,28,Pune,male,RV Uthappa,field,Kolkata Knight Riders,club,{'wickets': 7}
29,29,Bangalore,male,AJ Tye,field,Gujarat Lions,club,{'wickets': 7}
30,30,Kolkata,male,G Gambhir,field,Kolkata Knight Riders,club,{'wickets': 7}
31,31,Chandigarh,male,Rashid Khan,field,Kings XI Punjab,club,{'runs': 26}
32,32,Pune,male,LH Ferguson,field,Royal Challengers Bangalore,club,{'runs': 61}
33,33,Rajkot,male,KH Pandya,bat,Gujarat Lions,club,
34,34,Chandigarh,male,Sandeep Sharma,field,Kings XI Punjab,club,{'wickets': 10}
35,35,Hyderabad,male,DA Warner,field,Kolkata Knight Riders,club,{'runs': 48}
36,36,Mumbai,male,RG Sharma,bat,Royal Challengers Bangalore,club,{'wickets': 5}
37,37,Pune,male,BA Stokes,field,Rising Pune Supergiant,club,{'wickets': 5}
38,38,Delhi,male,Mohammed Shami,field,Delhi Daredevils,club,{'wickets': 6}
39,39,Kolkata,male,RA Tripathi,field,Rising Pune Supergiant,club,{'wickets': 4}
40,40,Delhi,male,RR Pant,field,Delhi Daredevils,club,{'wickets': 7}
41,41,Bangalore,male,Sandeep Sharma,field,Royal Challengers Bangalore,club,{'runs': 19}
42,42,Hyderabad,male,JD Unadkat,field,Sunrisers Hyderabad,club,{'runs': 12}
43,43,Delhi,male,LMP Simmons,field,Delhi Daredevils,club,{'runs': 146}
44,44,Bangalore,male,SP Narine,field,Kolkata Knight Riders,club,{'wickets': 6}
45,45,Chandigarh,male,DR Smith,field,Gujarat Lions,club,{'wickets': 6}
46,46,Hyderabad,male,S Dhawan,bat,Mumbai Indians,club,{'wickets': 7}
47,47,Chandigarh,male,MM Sharma,field,Kolkata Knight Riders,club,{'runs': 14}
48,48,Kanpur,male,SS Iyer,field,Delhi Daredevils,club,{'wickets': 2}
49,49,Mumbai,male,WP Saha,field,Mumbai Indians,club,{'runs': 7}
50,50,Delhi,male,KK Nair,bat,Delhi Daredevils,club,{'runs': 7}
51,51,Kanpur,male,Mohammed Siraj,field,Sunrisers Hyderabad,club,{'wickets': 8}
52,52,Kolkata,male,AT Rayudu,field,Kolkata Knight Riders,club,{'runs': 9}
53,53,Pune,male,JD Unadkat,field,Rising Pune Supergiant,club,{'wickets': 9}
54,54,Delhi,male,HV Patel,bat,Royal Challengers Bangalore,club,{'runs': 10}
55,55,Mumbai,male,Washington Sundar,field,Mumbai Indians,club,{'runs': 20}
56,56,Bangalore,male,NM Coulter-Nile,field,Kolkata Knight Riders,club,{'wickets': 7}
57,57,Bangalore,male,KV Sharma,field,Mumbai Indians,club,{'wickets': 6}
58,58,Hyderabad,male,KH Pandya,bat,Mumbai Indians,club,{'runs': 1}
59,59,Mumbai,male,DJ Bravo,field,Chennai Super Kings,club,{'wickets': 1}
60,60,Chandigarh,male,KL Rahul,field,Kings XI Punjab,club,{'wickets': 6}
61,61,Kolkata,male,SP Narine,field,Kolkata Knight Riders,club,{'wickets': 4}
62,62,Hyderabad,male,S Dhawan,field,Sunrisers Hyderabad,club,{'wickets': 9}
63,63,Chennai,male,SW Billings,field,Chennai Super Kings,club,{'wickets': 5}
64,64,Jaipur,male,SV Samson,field,Delhi Daredevils,club,{'runs': 10}
65,65,Hyderabad,male,Rashid Khan,field,Sunrisers Hyderabad,club,{'wickets': 1}
66,66,Bengaluru,male,UT Yadav,field,Royal Challengers Bangalore,club,{'wickets': 4}
67,67,Mumbai,male,JJ Roy,field,Delhi Daredevils,club,{'wickets': 7}
68,68,Kolkata,male,B Stanlake,field,Sunrisers Hyderabad,club,{'wickets': 5}
69,69,Bengaluru,male,SV Samson,field,Royal Challengers Bangalore,club,{'runs': 19}
70,70,Chandigarh,male,CH Gayle,field,Chennai Super Kings,club,{'runs': 4}
71,71,Kolkata,male,N Rana,field,Delhi Daredevils,club,{'runs': 71}
72,72,Mumbai,male,RG Sharma,field,Royal Challengers Bangalore,club,{'runs': 46}
73,73,Jaipur,male,N Rana,field,Kolkata Knight Riders,club,{'wickets': 7}
74,74,Chandigarh,male,CH Gayle,bat,Kings XI Punjab,club,{'runs': 15}
75,75,Pune,male,SR Watson,field,Rajasthan Royals,club,{'runs': 64}
76,76,Kolkata,male,KL Rahul,field,Kings XI Punjab,club,{'wickets': 9}
77,77,Bengaluru,male,AB de Villiers,field,Royal Challengers Bangalore,club,{'wickets': 6}
78,78,Hyderabad,male,AT Rayudu,field,Sunrisers Hyderabad,club,{'runs': 4}
79,79,Jaipur,male,JC Archer,bat,Mumbai Indians,club,{'wickets': 3}
80,80,Delhi,male,AS Rajpoot,field,Delhi Daredevils,club,{'runs': 4}
81,81,Mumbai,male,Rashid Khan,field,Mumbai Indians,club,{'runs': 31}
82,82,Bengaluru,male,MS Dhoni,field,Chennai Super Kings,club,{'wickets': 5}
83,83,Hyderabad,male,AS Rajpoot,field,Kings XI Punjab,club,{'runs': 13}
84,84,Delhi,male,SS Iyer,field,Kolkata Knight Riders,club,{'runs': 55}
85,85,Pune,male,RG Sharma,field,Mumbai Indians,club,{'wickets': 8}
86,86,Jaipur,male,KS Williamson,bat,Sunrisers Hyderabad,club,{'runs': 11}
87,87,Bengaluru,male,CA Lynn,field,Kolkata Knight Riders,club,{'wickets': 6}
88,88,Pune,male,SR Watson,field,Delhi Daredevils,club,{'runs': 13}
89,89,Bengaluru,male,TG Southee,field,Mumbai Indians,club,{'runs': 14}
90,90,Delhi,male,RR Pant,field,Rajasthan Royals,club,{'runs': 4}
91,91,Kolkata,male,SP Narine,field,Kolkata Knight Riders,club,{'wickets': 6}
92,92,Indore,male,SA Yadav,field,Mumbai Indians,club,{'wickets': 6}
93,93,Pune,male,RA Jadeja,field,Chennai Super Kings,club,{'wickets': 6}
94,94,Hyderabad,male,Rashid Khan,bat,Delhi Daredevils,club,{'wickets': 7}
95,95,Mumbai,male,HH Pandya,field,Kolkata Knight Riders,club,{'runs': 13}
96,96,Indore,male,Mujeeb Ur Rahman,field,Kings XI Punjab,club,{'wickets': 6}
97,97,Hyderabad,male,KS Williamson,field,Royal Challengers Bangalore,club,{'runs': 5}
98,98,Jaipur,male,JC Buttler,bat,Rajasthan Royals,club,{'runs': 15}
99,99,Kolkata,male,Ishan Kishan,field,Kolkata Knight Riders,club,{'runs': 102}
100,100,Delhi,male,S Dhawan,bat,Delhi Daredevils,club,{'wickets': 9}
101,101,Jaipur,male,JC Buttler,bat,Chennai Super Kings,club,{'wickets': 4}
102,102,Indore,male,SP Narine,field,Kings XI Punjab,club,{'runs': 31}
103,103,Delhi,male,AB de Villiers,field,Royal Challengers Bangalore,club,{'wickets': 5}
104,104,Pune,male,AT Rayudu,field,Chennai Super Kings,club,{'wickets': 8}
105,105,Mumbai,male,JC Buttler,field,Rajasthan Royals,club,{'wickets': 7}
106,106,Indore,male,UT Yadav,field,Royal Challengers Bangalore,club,{'wickets': 10}
107,107,Kolkata,male,Kuldeep Yadav,field,Kolkata Knight Riders,club,{'wickets': 6}
108,108,Mumbai,male,JJ Bumrah,field,Kings XI Punjab,club,{'runs': 3}
109,109,Bengaluru,male,AB de Villiers,field,Sunrisers Hyderabad,club,{'runs': 14}
110,110,Delhi,male,HV Patel,field,Chennai Super Kings,club,{'runs': 34}
111,111,Jaipur,male,S Gopal,bat,Rajasthan Royals,club,{'runs': 30}
112,112,Hyderabad,male,CA Lynn,bat,Sunrisers Hyderabad,club,{'wickets': 5}
113,113,Delhi,male,A Mishra,bat,Delhi Daredevils,club,{'runs': 11}
114,114,Pune,male,L Ngidi,field,Chennai Super Kings,club,{'wickets': 5}
115,115,Mumbai,male,F du Plessis,field,Chennai Super Kings,club,{'wickets': 2}
116,116,Kolkata,male,AD Russell,field,Rajasthan Royals,club,{'runs': 25}
117,117,Kolkata,male,Rashid Khan,field,Kolkata Knight Riders,club,{'runs': 14}
118,118,Mumbai,male,SR Watson,field,Chennai Super Kings,club,{'wickets': 8}
119,119,Chennai,male,Harbhajan Singh,field,Chennai Super Kings,club,{'wickets': 7}
120,120,Kolkata,male,AD Russell,field,Kolkata Knight Riders,club,{'wickets': 6}
121,121,Mumbai,male,RR Pant,field,Mumbai Indians,club,{'runs': 37}
122,122,Jaipur,male,CH Gayle,field,Rajasthan Royals,club,{'runs': 14}
123,123,Delhi,male,SR Watson,bat,Delhi Capitals,club,{'wickets': 6}
124,124,Kolkata,male,AD Russell,field,Kings XI Punjab,club,{'runs': 28}
125,125,Bengaluru,male,JJ Bumrah,field,Royal Challengers Bangalore,club,{'runs': 6}
126,126,Hyderabad,male,Rashid Khan,bat,Rajasthan Royals,club,{'wickets': 5}
127,127,Chandigarh,male,MA Agarwal,field,Kings XI Punjab,club,{'wickets': 8}
128,128,Delhi,male,PP Shaw,field,Delhi Capitals,club,
129,129,Hyderabad,male,JM Bairstow,field,Royal Challengers Bangalore,club,{'runs': 118}
130,130,Chennai,male,MS Dhoni,field,Rajasthan Royals,club,{'runs': 8}
131,131,Chandigarh,male,SM Curran,field,Delhi Capitals,club,{'runs': 14}
132,132,Jaipur,male,S Gopal,field,Rajasthan Royals,club,{'wickets': 7}
133,133,Mumbai,male,HH Pandya,field,Chennai Super Kings,club,{'runs': 37}
134,134,Delhi,male,JM Bairstow,field,Sunrisers Hyderabad,club,{'wickets': 5}
135,135,Bengaluru,male,AD Russell,field,Kolkata Knight Riders,club,{'wickets': 5}
136,136,Chennai,male,Harbhajan Singh,bat,Chennai Super Kings,club,{'runs': 22}
137,137,Hyderabad,male,AS Joseph,field,Sunrisers Hyderabad,club,{'runs': 40}
138,138,Bengaluru,male,K Rabada,field,Delhi Capitals,club,{'wickets': 4}
139,139,Jaipur,male,HF Gurney,field,Kolkata Knight Riders,club,{'wickets': 8}
140,140,Chandigarh,male,KL Rahul,field,Kings XI Punjab,club,{'wickets': 6}
141,141,Chennai,male,DL Chahar,field,Chennai Super Kings,club,{'wickets': 7}
142,142,Mumbai,male,KA Pollard,field,Mumbai Indians,club,{'wickets': 3}
143,143,Jaipur,male,MS Dhoni,field,Chennai Super Kings,club,{'wickets': 4}
144,144,Kolkata,male,S Dhawan,field,Delhi Capitals,club,{'wickets': 7}
145,145,Mumbai,male,JC Buttler,field,Rajasthan Royals,club,{'wickets': 4}
146,146,Chandigarh,male,AB de Villiers,field,Royal Challengers Bangalore,club,{'wickets': 8}
147,147,Kolkata,male,Imran Tahir,field,Chennai Super Kings,club,{'wickets': 5}
148,148,Hyderabad,male,KMA Paul,field,Sunrisers Hyderabad,club,{'runs': 39}
149,149,Mumbai,male,SL Malinga,field,Mumbai Indians,club,{'wickets': 5}
150,150,Chandigarh,male,R Ashwin,field,Rajasthan Royals,club,{'runs': 12}
151,151,Hyderabad,male,DA Warner,bat,Chennai Super Kings,club,{'wickets': 6}
152,152,Delhi,male,HH Pandya,bat,Mumbai Indians,club,{'runs': 40}
153,153,Kolkata,male,V Kohli,field,Kolkata Knight Riders,club,{'runs': 10}
154,154,Jaipur,male,SPD Smith,field,Rajasthan Royals,club,{'wickets': 5}
155,155,Delhi,male,SS Iyer,field,Delhi Capitals,club,{'wickets': 5}
156,156,Hyderabad,male,KK Ahmed,field,Sunrisers Hyderabad,club,{'wickets': 9}
157,157,Bengaluru,male,PA Patel,field,Chennai Super Kings,club,{'runs': 1}
158,158,Jaipur,male,RR Pant,field,Delhi Capitals,club,{'wickets': 6}
159,159,Chennai,male,SR Watson,field,Chennai Super Kings,club,{'wickets': 6}
160,160,Bengaluru,male,AB de Villiers,field,Kings XI Punjab,club,{'runs': 17}
161,161,Kolkata,male,VR Aaron,field,Rajasthan Royals,club,{'wickets': 3}
162,162,Chennai,male,RG Sharma,field,Chennai Super Kings,club,{'runs': 46}
163,163,Jaipur,male,JD Unadkat,field,Rajasthan Royals,club,{'wickets': 7}
164,164,Delhi,male,S Dhawan,bat,Delhi Capitals,club,{'runs': 16}
165,165,Kolkata,male,AD Russell,field,Mumbai Indians,club,{'runs': 34}
166,166,Hyderabad,male,DA Warner,field,Kings XI Punjab,club,{'runs': 45}
167,167,Bengaluru,male,,field,Rajasthan Royals,club,
168,168,Chennai,male,MS Dhoni,field,Delhi Capitals,club,{'runs': 80}
169,169,Mumbai,male,JJ Bumrah,bat,Mumbai Indians,club,
170,170,Chandigarh,male,Shubman Gill,field,Kolkata Knight Riders,club,{'wickets': 7}
171,171,Delhi,male,A Mishra,bat,Rajasthan Royals,club,{'wickets': 5}
172,172,Bengaluru,male,SO Hetmyer,field,Royal Challengers Bangalore,club,{'wickets': 4}
173,173,Chandigarh,male,KL Rahul,field,Kings XI Punjab,club,{'wickets': 6}
174,174,Mumbai,male,HH Pandya,field,Mumbai Indians,club,{'wickets': 9}
175,175,Chennai,male,SA Yadav,bat,Chennai Super Kings,club,{'wickets': 6}
176,176,Visakhapatnam,male,RR Pant,field,Delhi Capitals,club,{'wickets': 2}
177,177,Visakhapatnam,male,F du Plessis,field,Chennai Super Kings,club,{'wickets': 6}
178,178,Hyderabad,male,JJ Bumrah,bat,Mumbai Indians,club,{'runs': 1}
179,179,Abu Dhabi,male,AT Rayudu,field,Chennai Super Kings,club,{'wickets': 5}
180,180,,male,MP Stoinis,field,Kings XI Punjab,club,
181,181,Abu Dhabi,male,Mohammed Siraj,bat,Kolkata Knight Riders,club,{'wickets': 8}
182,182,,male,S Nadeem,field,Sunrisers Hyderabad,club,{'wickets': 10}
183,183,,male,SV Samson,field,Chennai Super Kings,club,{'runs': 16}
184,184,Abu Dhabi,male,CV Varun,field,Delhi Capitals,club,{'runs': 59}
185,185,,male,CJ Jordan,field,Sunrisers Hyderabad,club,{'runs': 12}
186,186,Abu Dhabi,male,SA Yadav,field,Mumbai Indians,club,{'wickets': 5}
187,187,,male,R Ashwin,field,Rajasthan Royals,club,{'runs': 46}
188,188,Abu Dhabi,male,RA Tripathi,bat,Kolkata Knight Riders,club,{'runs': 10}
189,189,,male,Sandeep Sharma,field,Sunrisers Hyderabad,club,{'wickets': 5}
190,190,Abu Dhabi,male,KA Pollard,field,Kings XI Punjab,club,{'runs': 48}
191,191,,male,Shivam Mavi,field,Rajasthan Royals,club,{'runs': 37}
192,192,Abu Dhabi,male,A Nortje,field,Delhi Capitals,club,{'wickets': 6}
193,193,Abu Dhabi,male,RD Gaikwad,field,Chennai Super Kings,club,{'wickets': 9}
194,194,,male,R Tewatia,bat,Sunrisers Hyderabad,club,{'wickets': 5}
195,195,Abu Dhabi,male,RG Sharma,field,Kolkata Knight Riders,club,{'runs': 49}
196,196,,male,S Dhawan,bat,Chennai Super Kings,club,{'wickets': 5}
197,197,,male,KL Rahul,field,Royal Challengers Bangalore,club,{'runs': 97}
198,198,Abu Dhabi,male,SA Yadav,bat,Mumbai Indians,club,{'runs': 57}
199,199,Abu Dhabi,male,LH Ferguson,field,Sunrisers Hyderabad,club,
200,200,,male,SR Watson,bat,Kings XI Punjab,club,{'wickets': 10}
201,201,Abu Dhabi,male,YS Chahal,bat,Rajasthan Royals,club,{'wickets': 8}
202,202,,male,SS Iyer,field,Kolkata Knight Riders,club,{'runs': 18}
203,203,,male,PK Garg,bat,Sunrisers Hyderabad,club,{'runs': 7}
204,204,,male,KL Rahul,bat,Mumbai Indians,club,
205,205,,male,MK Pandey,field,Sunrisers Hyderabad,club,{'wickets': 8}
206,206,,male,AR Patel,field,Royal Challengers Bangalore,club,{'runs': 59}
207,207,,male,CH Gayle,field,Kings XI Punjab,club,{'wickets': 8}
208,208,,male,TA Boult,field,Mumbai Indians,club,{'wickets': 10}
209,209,,male,AB de Villiers,bat,Rajasthan Royals,club,{'wickets': 7}
210,210,Abu Dhabi,male,KD Karthik,bat,Kolkata Knight Riders,club,{'runs': 2}
211,211,,male,WP Saha,field,Delhi Capitals,club,{'runs': 88}
212,212,,male,V Kohli,bat,Royal Challengers Bangalore,club,{'runs': 37}
213,213,Abu Dhabi,male,Q de Kock,bat,Kolkata Knight Riders,club,{'wickets': 8}
214,214,,male,SV Samson,field,Rajasthan Royals,club,{'wickets': 4}
215,215,,male,RA Jadeja,bat,Chennai Super Kings,club,{'runs': 20}
216,216,Abu Dhabi,male,Q de Kock,bat,Delhi Capitals,club,{'wickets': 5}
217,217,,male,PJ Cummins,field,Rajasthan Royals,club,{'runs': 60}
218,218,,male,KL Rahul,bat,Royal Challengers Bangalore,club,{'wickets': 8}
219,219,Abu Dhabi,male,Rashid Khan,field,Delhi Capitals,club,{'runs': 15}
220,220,Abu Dhabi,male,JC Buttler,bat,Chennai Super Kings,club,{'wickets': 7}
221,221,,male,YS Chahal,field,Sunrisers Hyderabad,club,{'runs': 10}
222,222,,male,Ishan Kishan,field,Mumbai Indians,club,{'wickets': 9}
223,223,,male,RD Gaikwad,field,Chennai Super Kings,club,{'wickets': 6}
224,224,Abu Dhabi,male,BA Stokes,field,Rajasthan Royals,club,{'wickets': 7}
225,225,,male,TA Boult,bat,Mumbai Indians,club,{'runs': 34}
226,226,,male,PP Shaw,field,Chennai Super Kings,club,{'runs': 44}
227,227,,male,AB de Villiers,bat,Royal Challengers Bangalore,club,{'runs': 82}
228,228,Abu Dhabi,male,BA Stokes,bat,Mumbai Indians,club,{'wickets': 8}
229,229,,male,JM Bairstow,bat,Sunrisers Hyderabad,club,{'runs': 69}
230,230,,male,A Nortje,bat,Delhi Capitals,club,{'runs': 13}
231,231,,male,RD Gaikwad,bat,Royal Challengers Bangalore,club,{'wickets': 8}
232,232,Abu Dhabi,male,Shubman Gill,bat,Sunrisers Hyderabad,club,{'wickets': 7}
233,233,,male,S Dhawan,bat,Delhi Capitals,club,{'wickets': 5}
234,234,,male,AB de Villiers,field,Mumbai Indians,club,
235,235,,male,JJ Bumrah,field,Delhi Capitals,club,{'runs': 57}
236,236,Abu Dhabi,male,KS Williamson,field,Sunrisers Hyderabad,club,{'wickets': 6}
237,237,Abu Dhabi,male,MP Stoinis,bat,Delhi Capitals,club,{'runs': 17}
238,238,,male,TA Boult,bat,Delhi Capitals,club,{'wickets': 5}
239,239,Chennai,male,HV Patel,field,Royal Challengers Bangalore,club,{'wickets': 2}
240,240,Mumbai,male,S Dhawan,field,Delhi Capitals,club,{'wickets': 7}
241,241,Chennai,male,N Rana,field,Sunrisers Hyderabad,club,{'runs': 10}
242,242,Mumbai,male,SV Samson,field,Rajasthan Royals,club,{'runs': 4}
243,243,Chennai,male,RD Chahar,field,Kolkata Knight Riders,club,{'runs': 10}
244,244,Chennai,male,GJ Maxwell,field,Sunrisers Hyderabad,club,{'runs': 6}
245,245,Mumbai,male,JD Unadkat,field,Rajasthan Royals,club,{'wickets': 3}
246,246,Mumbai,male,DL Chahar,field,Chennai Super Kings,club,{'wickets': 6}
247,247,Chennai,male,KA Pollard,bat,Mumbai Indians,club,{'runs': 13}
248,248,Chennai,male,AB de Villiers,bat,Royal Challengers Bangalore,club,{'runs': 38}
249,249,Mumbai,male,S Dhawan,field,Delhi Capitals,club,{'wickets': 6}
250,250,Mumbai,male,MM Ali,field,Rajasthan Royals,club,{'runs': 45}
251,251,Chennai,male,A Mishra,bat,Mumbai Indians,club,{'wickets': 6}
252,252,Chennai,male,JM Bairstow,bat,Punjab Kings,club,{'wickets': 9}
253,253,Mumbai,male,F du Plessis,field,Kolkata Knight Riders,club,{'runs': 18}
254,254,Mumbai,male,D Padikkal,field,Royal Challengers Bangalore,club,{'wickets': 10}
255,255,Chennai,male,KL Rahul,field,Punjab Kings,club,{'wickets': 9}
256,256,Mumbai,male,CH Morris,field,Rajasthan Royals,club,{'wickets': 6}
257,257,Mumbai,male,RA Jadeja,bat,Chennai Super Kings,club,{'runs': 69}
258,258,Chennai,male,PP Shaw,bat,Delhi Capitals,club,
259,259,Ahmedabad,male,EJG Morgan,field,Kolkata Knight Riders,club,{'wickets': 5}
260,260,Ahmedabad,male,AB de Villiers,field,Delhi Capitals,club,{'runs': 1}
261,261,Delhi,male,RD Gaikwad,bat,Sunrisers Hyderabad,club,{'wickets': 7}
262,262,Delhi,male,Q de Kock,field,Mumbai Indians,club,{'wickets': 7}
263,263,Ahmedabad,male,PP Shaw,field,Delhi Capitals,club,{'wickets': 7}
264,264,Ahmedabad,male,Harpreet Brar,field,Royal Challengers Bangalore,club,{'runs': 34}
265,265,Delhi,male,KA Pollard,field,Mumbai Indians,club,{'wickets': 4}
266,266,Delhi,male,JC Buttler,field,Sunrisers Hyderabad,club,{'runs': 55}
267,267,Ahmedabad,male,MA Agarwal,field,Delhi Capitals,club,{'wickets': 7}
268,268,Abu Dhabi,male,CV Varun,bat,Royal Challengers Bangalore,club,{'wickets': 9}
269,269,Abu Dhabi,male,Ishan Kishan,bat,Mumbai Indians,club,{'runs': 42}
270,270,Abu Dhabi,male,RD Gaikwad,field,Rajasthan Royals,club,{'wickets': 7}
271,271,Sharjah,male,GJ Maxwell,bat,Royal Challengers Bangalore,club,{'runs': 6}
272,272,Sharjah,male,JR Hazlewood,field,Chennai Super Kings,club,{'wickets': 6}
273,273,Sharjah,male,SP Narine,field,Kolkata Knight Riders,club,{'wickets': 3}
274,274,Sharjah,male,NM Coulter-Nile,field,Mumbai Indians,club,{'wickets': 8}
275,275,Dubai,male,KL Rahul,field,Punjab Kings,club,{'wickets': 6}
276,276,Abu Dhabi,male,KS Williamson,field,Royal Challengers Bangalore,club,{'runs': 4}
277,277,Abu Dhabi,male,SP Narine,field,Kolkata Knight Riders,club,{'wickets': 7}
278,278,Abu Dhabi,male,SS Iyer,field,Rajasthan Royals,club,{'runs': 33}
279,279,Abu Dhabi,male,RA Jadeja,bat,Kolkata Knight Riders,club,{'wickets': 2}
280,280,Abu Dhabi,male,KA Pollard,field,Mumbai Indians,club,{'wickets': 6}
281,281,Dubai,male,JJ Roy,bat,Rajasthan Royals,club,{'wickets': 7}
282,282,Dubai,male,KS Bharat,field,Royal Challengers Bangalore,club,{'wickets': 7}
283,283,Dubai,male,KL Rahul,field,Punjab Kings,club,{'wickets': 5}
284,284,Dubai,male,YS Chahal,field,Royal Challengers Bangalore,club,{'wickets': 7}
285,285,Dubai,male,RD Gaikwad,bat,Chennai Super Kings,club,{'runs': 20}
286,286,Dubai,male,A Nortje,bat,Sunrisers Hyderabad,club,{'wickets': 8}
287,287,Sharjah,male,Shivam Mavi,field,Rajasthan Royals,club,{'runs': 86}
288,288,Sharjah,male,JO Holder,field,Sunrisers Hyderabad,club,{'runs': 5}
289,289,Dubai,male,GJ Maxwell,field,Mumbai Indians,club,{'runs': 54}
290,290,Dubai,male,Shubman Gill,bat,Sunrisers Hyderabad,club,{'wickets': 6}
291,291,Dubai,male,AR Patel,field,Delhi Capitals,club,{'wickets': 3}
292,292,Dubai,male,Kartik Tyagi,field,Punjab Kings,club,{'runs': 2}
293,293,Sharjah,male,AR Patel,field,Delhi Capitals,club,{'wickets': 4}
294,294,Sharjah,male,DJ Bravo,field,Chennai Super Kings,club,{'wickets': 6}
295,295,Dubai,male,RD Gaikwad,field,Chennai Super Kings,club,{'wickets': 4}
296,296,Sharjah,male,SP Narine,bat,Royal Challengers Bangalore,club,{'wickets': 4}
297,297,Sharjah,male,VR Iyer,field,Kolkata Knight Riders,club,{'wickets': 3}
298,298,Dubai,male,F du Plessis,field,Kolkata Knight Riders,club,{'runs': 27}
299,299,Mumbai,male,UT Yadav,field,Kolkata Knight Riders,club,{'wickets': 6}
300,300,Mumbai,male,Kuldeep Yadav,field,Delhi Capitals,club,{'wickets': 4}
301,301,Mumbai,male,OF Smith,field,Punjab Kings,club,{'wickets': 5}
302,302,Mumbai,male,Mohammed Shami,field,Gujarat Titans,club,{'wickets': 5}
303,303,Pune,male,SV Samson,field,Sunrisers Hyderabad,club,{'runs': 61}
304,304,Mumbai,male,PWH de Silva,field,Royal Challengers Bangalore,club,{'wickets': 3}
305,305,Mumbai,male,E Lewis,field,Lucknow Super Giants,club,{'wickets': 6}
306,306,Mumbai,male,UT Yadav,field,Kolkata Knight Riders,club,{'wickets': 6}
307,307,Mumbai,male,JC Buttler,field,Mumbai Indians,club,{'runs': 23}
308,308,Pune,male,LH Ferguson,field,Delhi Capitals,club,{'runs': 14}
309,309,Mumbai,male,LS Livingstone,field,Chennai Super Kings,club,{'runs': 54}
310,310,Mumbai,male,Avesh Khan,field,Sunrisers Hyderabad,club,{'runs': 12}
311,311,Mumbai,male,KD Karthik,field,Royal Challengers Bangalore,club,{'wickets': 4}
312,312,Pune,male,PJ Cummins,field,Kolkata Knight Riders,club,{'wickets': 5}
313,313,Mumbai,male,Q de Kock,field,Lucknow Super Giants,club,{'wickets': 6}
314,314,Mumbai,male,Shubman Gill,field,Gujarat Titans,club,{'wickets': 6}
315,315,Mumbai,male,Abhishek Sharma,field,Sunrisers Hyderabad,club,{'wickets': 8}
316,316,Pune,male,Anuj Rawat,field,Royal Challengers Bangalore,club,{'wickets': 7}
317,317,Mumbai,male,Kuldeep Yadav,field,Kolkata Knight Riders,club,{'runs': 44}
318,318,Mumbai,male,YS Chahal,field,Lucknow Super Giants,club,{'runs': 3}
319,319,Mumbai,male,KS Williamson,field,Sunrisers Hyderabad,club,{'wickets': 8}
320,320,Mumbai,male,S Dube,field,Royal Challengers Bangalore,club,{'runs': 23}
321,321,Pune,male,MA Agarwal,field,Mumbai Indians,club,{'runs': 12}
322,322,Mumbai,male,HH Pandya,field,Rajasthan Royals,club,{'runs': 37}
323,323,Mumbai,male,RA Tripathi,field,Sunrisers Hyderabad,club,{'wickets': 7}
324,324,Mumbai,male,KL Rahul,field,Mumbai Indians,club,{'runs': 18}
325,325,Mumbai,male,KD Karthik,field,Delhi Capitals,club,{'runs': 16}
326,326,Mumbai,male,Umran Malik,field,Sunrisers Hyderabad,club,{'wickets': 7}
327,327,Pune,male,DA Miller,field,Gujarat Titans,club,{'wickets': 3}
328,328,Mumbai,male,YS Chahal,field,Kolkata Knight Riders,club,{'runs': 7}
329,329,Mumbai,male,F du Plessis,field,Lucknow Super Giants,club,{'runs': 18}
330,330,Mumbai,male,Kuldeep Yadav,field,Delhi Capitals,club,{'wickets': 9}
331,331,Navi Mumbai,male,Mukesh Choudhary,field,Chennai Super Kings,club,{'wickets': 3}
332,332,Mumbai,male,JC Buttler,field,Delhi Capitals,club,{'runs': 15}
333,333,Navi Mumbai,male,Rashid Khan,bat,Gujarat Titans,club,{'runs': 8}
334,334,Mumbai,male,M Jansen,field,Sunrisers Hyderabad,club,{'wickets': 9}
335,335,Mumbai,male,KL Rahul,field,Mumbai Indians,club,{'runs': 36}
336,336,Mumbai,male,S Dhawan,field,Chennai Super Kings,club,{'runs': 11}
337,337,Pune,male,R Parag,field,Royal Challengers Bangalore,club,{'runs': 29}
338,338,Mumbai,male,Umran Malik,field,Gujarat Titans,club,{'wickets': 5}
339,339,Mumbai,male,Kuldeep Yadav,field,Delhi Capitals,club,{'wickets': 4}
340,340,Pune,male,KH Pandya,field,Punjab Kings,club,{'runs': 20}
341,341,Mumbai,male,R Tewatia,bat,Royal Challengers Bangalore,club,{'wickets': 6}
342,342,Navi Mumbai,male,SA Yadav,field,Mumbai Indians,club,{'wickets': 5}
343,343,Mumbai,male,Mohsin Khan,bat,Lucknow Super Giants,club,{'runs': 6}
344,344,Pune,male,RD Gaikwad,field,Sunrisers Hyderabad,club,{'runs': 13}
345,345,Mumbai,male,RK Singh,field,Kolkata Knight Riders,club,{'wickets': 7}
346,346,Navi Mumbai,male,K Rabada,bat,Gujarat Titans,club,{'wickets': 8}
347,347,Pune,male,HV Patel,field,Chennai Super Kings,club,{'runs': 13}
348,348,Mumbai,male,DA Warner,field,Sunrisers Hyderabad,club,{'runs': 21}
349,349,Mumbai,male,TH David,field,Gujarat Titans,club,{'runs': 5}
350,350,Mumbai,male,YBK Jaiswal,bat,Punjab Kings,club,{'wickets': 6}
351,351,Pune,male,Avesh Khan,field,Kolkata Knight Riders,club,{'runs': 75}
352,352,Mumbai,male,PWH de Silva,bat,Royal Challengers Bangalore,club,{'runs': 67}
353,353,Navi Mumbai,male,DP Conway,field,Delhi Capitals,club,{'runs': 91}
354,354,Navi Mumbai,male,JJ Bumrah,field,Mumbai Indians,club,{'runs': 52}
355,355,Pune,male,Shubman Gill,bat,Gujarat Titans,club,{'runs': 62}
356,356,Navi Mumbai,male,MR Marsh,field,Delhi Capitals,club,{'wickets': 8}
357,357,Mumbai,male,DR Sams,field,Mumbai Indians,club,{'wickets': 5}
358,358,Mumbai,male,JM Bairstow,field,Royal Challengers Bangalore,club,{'runs': 54}
359,359,Pune,male,AD Russell,bat,Kolkata Knight Riders,club,{'runs': 54}
360,360,Mumbai,male,WP Saha,bat,Chennai Super Kings,club,{'wickets': 7}
361,361,Mumbai,male,TA Boult,bat,Rajasthan Royals,club,{'runs': 24}
362,362,Navi Mumbai,male,SN Thakur,field,Punjab Kings,club,{'runs': 17}
363,363,Mumbai,male,RA Tripathi,field,Mumbai Indians,club,{'runs': 3}
364,364,Navi Mumbai,male,Q de Kock,bat,Lucknow Super Giants,club,{'runs': 2}
365,365,Mumbai,male,V Kohli,bat,Gujarat Titans,club,{'wickets': 8}
366,366,Mumbai,male,R Ashwin,bat,Chennai Super Kings,club,{'wickets': 5}
367,367,Mumbai,male,JJ Bumrah,field,Mumbai Indians,club,{'wickets': 5}
368,368,Mumbai,male,Harpreet Brar,bat,Sunrisers Hyderabad,club,{'wickets': 5}
369,369,Kolkata,male,DA Miller,field,Gujarat Titans,club,{'wickets': 7}
370,370,Kolkata,male,RM Patidar,field,Lucknow Super Giants,club,{'runs': 14}
371,371,Ahmedabad,male,JC Buttler,field,Rajasthan Royals,club,{'wickets': 7}
372,372,Ahmedabad,male,HH Pandya,bat,Rajasthan Royals,club,{'wickets': 7}
373,373,Ahmedabad,male,Rashid Khan,field,Gujarat Titans,club,{'wickets': 5}
374,374,Chandigarh,male,Arshdeep Singh,field,Kolkata Knight Riders,club,{'runs': 7}
375,375,Lucknow,male,MA Wood,field,Delhi Capitals,club,{'runs': 50}
376,376,Hyderabad,male,JC Buttler,field,Sunrisers Hyderabad,club,{'runs': 72}
377,377,Bengaluru,male,F du Plessis,field,Royal Challengers Bangalore,club,{'wickets': 8}
378,378,Chennai,male,MM Ali,field,Lucknow Super Giants,club,{'runs': 12}
379,379,Delhi,male,B Sai Sudharsan,field,Gujarat Titans,club,{'wickets': 6}
380,380,Guwahati,male,NT Ellis,field,Rajasthan Royals,club,{'runs': 5}
381,381,Kolkata,male,SN Thakur,field,Royal Challengers Bangalore,club,{'runs': 81}
382,382,Lucknow,male,KH Pandya,bat,Sunrisers Hyderabad,club,{'wickets': 5}
383,383,Guwahati,male,YBK Jaiswal,field,Delhi Capitals,club,{'runs': 57}
384,384,Mumbai,male,RA Jadeja,field,Chennai Super Kings,club,{'wickets': 7}
385,385,Ahmedabad,male,RK Singh,bat,Gujarat Titans,club,{'wickets': 3}
386,386,Hyderabad,male,S Dhawan,field,Sunrisers Hyderabad,club,{'wickets': 8}
387,387,Bengaluru,male,N Pooran,field,Lucknow Super Giants,club,{'wickets': 1}
388,388,Delhi,male,RG Sharma,field,Mumbai Indians,club,{'wickets': 6}
389,389,Chennai,male,R Ashwin,field,Chennai Super Kings,club,{'runs': 3}
390,390,Chandigarh,male,MM Sharma,field,Gujarat Titans,club,{'wickets': 6}
391,391,Kolkata,male,HC Brook,field,Kolkata Knight Riders,club,{'runs': 23}
392,392,Bengaluru,male,V Kohli,field,Delhi Capitals,club,{'runs': 23}
393,393,Lucknow,male,Sikandar Raza,field,Punjab Kings,club,{'wickets': 2}
394,394,Mumbai,male,VR Iyer,field,Mumbai Indians,club,{'wickets': 5}
395,395,Ahmedabad,male,SO Hetmyer,field,Rajasthan Royals,club,{'wickets': 3}
396,396,Bengaluru,male,DP Conway,field,Royal Challengers Bangalore,club,{'runs': 8}
397,397,Hyderabad,male,C Green,field,Sunrisers Hyderabad,club,{'runs': 14}
398,398,Jaipur,male,MP Stoinis,field,Rajasthan Royals,club,{'runs': 10}
399,399,Chandigarh,male,Mohammed Siraj,field,Punjab Kings,club,{'runs': 24}
400,400,Delhi,male,I Sharma,field,Delhi Capitals,club,{'wickets': 4}
401,401,Chennai,male,RA Jadeja,field,Chennai Super Kings,club,{'wickets': 7}
402,402,Lucknow,male,MM Sharma,bat,Gujarat Titans,club,{'runs': 7}
403,403,Mumbai,male,SM Curran,field,Mumbai Indians,club,{'runs': 13}
404,404,Bengaluru,male,GJ Maxwell,field,Rajasthan Royals,club,{'runs': 7}
405,405,Kolkata,male,AM Rahane,field,Kolkata Knight Riders,club,{'runs': 49}
406,406,Hyderabad,male,AR Patel,bat,Delhi Capitals,club,{'runs': 7}
407,407,Ahmedabad,male,A Manohar,field,Mumbai Indians,club,{'runs': 55}
408,408,Bengaluru,male,CV Varun,field,Royal Challengers Bangalore,club,{'runs': 21}
409,409,Jaipur,male,YBK Jaiswal,bat,Rajasthan Royals,club,{'runs': 32}
410,410,Chandigarh,male,MP Stoinis,field,Punjab Kings,club,{'runs': 56}
411,411,Kolkata,male,J Little,field,Gujarat Titans,club,{'wickets': 7}
412,412,Delhi,male,MR Marsh,bat,Sunrisers Hyderabad,club,{'runs': 9}
413,413,Chennai,male,DP Conway,bat,Chennai Super Kings,club,{'wickets': 4}
414,414,Mumbai,male,YBK Jaiswal,bat,Rajasthan Royals,club,{'wickets': 6}
415,415,Lucknow,male,F du Plessis,bat,Royal Challengers Bangalore,club,{'runs': 18}
416,416,Ahmedabad,male,Mohammed Shami,bat,Delhi Capitals,club,{'runs': 5}
417,417,Lucknow,male,,field,Chennai Super Kings,club,
418,418,Chandigarh,male,Ishan Kishan,field,Mumbai Indians,club,{'wickets': 6}
419,419,Hyderabad,male,CV Varun,bat,Kolkata Knight Riders,club,{'runs': 5}
420,420,Jaipur,male,Rashid Khan,bat,Rajasthan Royals,club,{'wickets': 9}
421,421,Chennai,male,M Pathirana,field,Chennai Super Kings,club,{'wickets': 6}
422,422,Delhi,male,PD Salt,bat,Royal Challengers Bangalore,club,{'wickets': 7}
423,423,Ahmedabad,male,Shubman Gill,field,Lucknow Super Giants,club,{'runs': 56}
424,424,Jaipur,male,GD Phillips,bat,Rajasthan Royals,club,{'wickets': 4}
425,425,Kolkata,male,AD Russell,bat,Punjab Kings,club,{'wickets': 5}
426,426,Mumbai,male,SA Yadav,field,Mumbai Indians,club,{'wickets': 6}
427,427,Chennai,male,RA Jadeja,bat,Chennai Super Kings,club,{'runs': 27}
428,428,Kolkata,male,YBK Jaiswal,field,Rajasthan Royals,club,{'wickets': 9}
429,429,Mumbai,male,SA Yadav,field,Gujarat Titans,club,{'runs': 27}
430,430,Hyderabad,male,PN Mankad,bat,Sunrisers Hyderabad,club,{'wickets': 7}
431,431,Delhi,male,P Simran Singh,field,Delhi Capitals,club,{'runs': 31}
432,432,Jaipur,male,WD Parnell,bat,Royal Challengers Bangalore,club,{'runs': 112}
433,433,Chennai,male,RK Singh,bat,Chennai Super Kings,club,{'wickets': 6}
434,434,Ahmedabad,male,Shubman Gill,field,Sunrisers Hyderabad,club,{'runs': 34}
435,435,Lucknow,male,MP Stoinis,field,Mumbai Indians,club,{'runs': 5}
436,436,Dharamsala,male,RR Rossouw,field,Punjab Kings,club,{'runs': 15}
437,437,Hyderabad,male,V Kohli,field,Royal Challengers Bangalore,club,{'wickets': 8}
438,438,Dharamsala,male,D Padikkal,field,Rajasthan Royals,club,{'wickets': 4}
439,439,Delhi,male,RD Gaikwad,bat,Chennai Super Kings,club,{'runs': 77}
440,440,Kolkata,male,N Pooran,field,Kolkata Knight Riders,club,{'runs': 1}
441,441,Mumbai,male,C Green,field,Mumbai Indians,club,{'wickets': 8}
442,442,Bengaluru,male,Shubman Gill,field,Gujarat Titans,club,{'wickets': 6}
443,443,Chennai,male,RD Gaikwad,field,Gujarat Titans,club,{'runs': 15}
444,444,Chennai,male,Akash Madhwal,bat,Mumbai Indians,club,{'runs': 81}
445,445,Ahmedabad,male,Shubman Gill,field,Mumbai Indians,club,{'runs': 62}
446,446,Ahmedabad,male,DP Conway,field,Chennai Super Kings,club,{'wickets': 5}
447,447,Chennai,male,Mustafizur Rahman,bat,Royal Challengers Bengaluru,club,{'wickets': 6}
448,448,Mohali,male,SM Curran,field,Punjab Kings,club,{'wickets': 4}
449,449,Kolkata,male,AD Russell,field,Sunrisers Hyderabad,club,{'runs': 4}
450,450,Jaipur,male,SV Samson,bat,Rajasthan Royals,club,{'runs': 20}
451,451,Ahmedabad,male,B Sai Sudharsan,field,Mumbai Indians,club,{'runs': 6}
452,452,Bengaluru,male,V Kohli,field,Royal Challengers Bengaluru,club,{'wickets': 4}
453,453,Chennai,male,S Dube,field,Gujarat Titans,club,{'runs': 63}
454,454,Hyderabad,male,Abhishek Sharma,field,Mumbai Indians,club,{'runs': 31}
455,455,Jaipur,male,R Parag,field,Delhi Capitals,club,{'runs': 12}
456,456,Bengaluru,male,SP Narine,field,Kolkata Knight Riders,club,{'wickets': 7}
457,457,Lucknow,male,MP Yadav,bat,Lucknow Super Giants,club,{'runs': 21}
458,458,Ahmedabad,male,MM Sharma,bat,Sunrisers Hyderabad,club,{'wickets': 7}
459,459,Visakhapatnam,male,KK Ahmed,bat,Delhi Capitals,club,{'runs': 20}
460,460,Mumbai,male,TA Boult,field,Rajasthan Royals,club,{'wickets': 6}
461,461,Bengaluru,male,MP Yadav,field,Royal Challengers Bengaluru,club,{'runs': 28}
462,462,Visakhapatnam,male,SP Narine,bat,Kolkata Knight Riders,club,{'runs': 106}
463,463,Ahmedabad,male,Shashank Singh,field,Punjab Kings,club,{'wickets': 3}
464,464,Hyderabad,male,Abhishek Sharma,field,Sunrisers Hyderabad,club,{'wickets': 6}
465,465,Jaipur,male,JC Buttler,field,Rajasthan Royals,club,{'wickets': 6}
466,466,Mumbai,male,R Shepherd,field,Delhi Capitals,club,{'runs': 29}
467,467,Lucknow,male,Yash Thakur,bat,Lucknow Super Giants,club,{'runs': 33}
468,468,Chennai,male,RA Jadeja,field,Chennai Super Kings,club,{'wickets': 7}
469,469,Mohali,male,Nithish Kumar Reddy,field,Punjab Kings,club,{'runs': 2}
470,470,Jaipur,male,Rashid Khan,field,Gujarat Titans,club,{'wickets': 3}
471,471,Mumbai,male,JJ Bumrah,field,Mumbai Indians,club,{'wickets': 7}
472,472,Lucknow,male,Kuldeep Yadav,bat,Lucknow Super Giants,club,{'wickets': 6}
473,473,Mohali,male,SO Hetmyer,field,Rajasthan Royals,club,{'wickets': 3}
474,474,Kolkata,male,PD Salt,field,Kolkata Knight Riders,club,{'wickets': 8}
475,475,Mumbai,male,M Pathirana,field,Mumbai Indians,club,{'runs': 20}
476,476,Bengaluru,male,TM Head,field,Royal Challengers Bengaluru,club,{'runs': 25}
477,477,Kolkata,male,JC Buttler,field,Rajasthan Royals,club,{'wickets': 2}
478,478,Ahmedabad,male,RR Pant,field,Delhi Capitals,club,{'wickets': 6}
479,479,Mohali,male,JJ Bumrah,field,Punjab Kings,club,{'runs': 9}
480,480,Lucknow,male,KL Rahul,field,Lucknow Super Giants,club,{'wickets': 8}
481,481,Delhi,male,TM Head,field,Delhi Capitals,club,{'runs': 67}
482,482,Kolkata,male,AD Russell,field,Royal Challengers Bengaluru,club,{'runs': 1}
483,483,Mohali,male,R Sai Kishore,bat,Punjab Kings,club,{'wickets': 3}
484,484,Jaipur,male,Sandeep Sharma,bat,Mumbai Indians,club,{'wickets': 9}
485,485,Chennai,male,MP Stoinis,field,Lucknow Super Giants,club,{'wickets': 6}
486,486,Delhi,male,RR Pant,field,Gujarat Titans,club,{'runs': 4}
487,487,Hyderabad,male,RM Patidar,bat,Royal Challengers Bengaluru,club,{'runs': 35}
488,488,Kolkata,male,JM Bairstow,field,Punjab Kings,club,{'wickets': 8}
489,489,Delhi,male,J Fraser-McGurk,field,Mumbai Indians,club,{'runs': 10}
490,490,Lucknow,male,SV Samson,field,Rajasthan Royals,club,{'wickets': 7}
491,491,Ahmedabad,male,WG Jacks,field,Royal Challengers Bengaluru,club,{'wickets': 9}
492,492,Chennai,male,RD Gaikwad,field,Sunrisers Hyderabad,club,{'runs': 78}
493,493,Kolkata,male,CV Varun,bat,Delhi Capitals,club,{'wickets': 7}
494,494,Lucknow,male,MP Stoinis,field,Lucknow Super Giants,club,{'wickets': 4}
495,495,Chennai,male,Harpreet Brar,field,Punjab Kings,club,{'wickets': 7}
496,496,Hyderabad,male,B Kumar,bat,Sunrisers Hyderabad,club,{'runs': 1}
497,497,Mumbai,male,VR Iyer,field,Mumbai Indians,club,{'runs': 24}
498,498,Bengaluru,male,Mohammed Siraj,field,Royal Challengers Bengaluru,club,{'wickets': 4}
499,499,Dharamsala,male,RA Jadeja,field,Punjab Kings,club,{'runs': 28}
500,500,Lucknow,male,SP Narine,field,Lucknow Super Giants,club,{'runs': 98}
501,501,Mumbai,male,SA Yadav,field,Mumbai Indians,club,{'wickets': 7}
502,502,Delhi,male,Kuldeep Yadav,field,Rajasthan Royals,club,{'runs': 20}
503,503,Hyderabad,male,TM Head,bat,Lucknow Super Giants,club,{'wickets': 10}
504,504,Dharamsala,male,V Kohli,field,Punjab Kings,club,{'runs': 60}
505,505,Ahmedabad,male,Shubman Gill,field,Chennai Super Kings,club,{'runs': 35}
506,506,Kolkata,male,CV Varun,field,Mumbai Indians,club,{'runs': 18}
507,507,Chennai,male,Simarjeet Singh,bat,Rajasthan Royals,club,{'wickets': 5}
508,508,Bengaluru,male,C Green,field,Delhi Capitals,club,{'runs': 47}
509,509,Delhi,male,I Sharma,field,Lucknow Super Giants,club,{'runs': 19}
510,510,Guwahati,male,SM Curran,bat,Rajasthan Royals,club,{'wickets': 5}
511,511,Mumbai,male,N Pooran,field,Mumbai Indians,club,{'runs': 18}
512,512,Bengaluru,male,F du Plessis,field,Chennai Super Kings,club,{'runs': 27}
513,513,Hyderabad,male,Abhishek Sharma,bat,Punjab Kings,club,{'wickets': 4}
514,514,Ahmedabad,male,MA Starc,bat,Sunrisers Hyderabad,club,{'wickets': 8}
515,515,Ahmedabad,male,R Ashwin,field,Rajasthan Royals,club,{'wickets': 4}
516,516,Chennai,male,Shahbaz Ahmed,field,Rajasthan Royals,club,{'runs': 36}
517,517,Chennai,male,MA Starc,bat,Sunrisers Hyderabad,club,{'wickets': 8}
518,518,Kolkata,male,KH Pandya,field,Royal Challengers Bengaluru,club,{'wickets': 7}
519,519,Hyderabad,male,Ishan Kishan,field,Rajasthan Royals,club,{'runs': 44}
520,520,Chennai,male,Noor Ahmad,field,Chennai Super Kings,club,{'wickets': 4}
521,521,Visakhapatnam,male,Ashutosh Sharma,field,Delhi Capitals,club,{'wickets': 1}
522,522,Ahmedabad,male,SS Iyer,field,Gujarat Titans,club,{'runs': 11}
523,523,Guwahati,male,Q de Kock,field,Kolkata Knight Riders,club,{'wickets': 8}
524,524,Hyderabad,male,SN Thakur,field,Lucknow Super Giants,club,{'wickets': 5}
525,525,Chennai,male,RM Patidar,field,Chennai Super Kings,club,{'runs': 50}
526,526,Ahmedabad,male,M Prasidh Krishna,field,Mumbai Indians,club,{'runs': 36}
527,527,Visakhapatnam,male,MA Starc,bat,Sunrisers Hyderabad,club,{'wickets': 7}
528,528,Guwahati,male,N Rana,field,Chennai Super Kings,club,{'runs': 6}
529,529,Mumbai,male,Ashwani Kumar,field,Mumbai Indians,club,{'wickets': 8}
530,530,Lucknow,male,P Simran Singh,field,Punjab Kings,club,{'wickets': 8}
531,531,Bengaluru,male,Mohammed Siraj,field,Gujarat Titans,club,{'wickets': 8}
532,532,Kolkata,male,VG Arora,field,Sunrisers Hyderabad,club,{'runs': 80}
533,533,Lucknow,male,DS Rathi,field,Mumbai Indians,club,{'runs': 12}
534,534,Chennai,male,KL Rahul,bat,Delhi Capitals,club,{'runs': 25}
535,535,Mohali,male,JC Archer,field,Punjab Kings,club,{'runs': 50}
536,536,Kolkata,male,N Pooran,field,Kolkata Knight Riders,club,{'runs': 4}
537,537,Hyderabad,male,Mohammed Siraj,field,Gujarat Titans,club,{'wickets': 7}
538,538,Mumbai,male,RM Patidar,field,Mumbai Indians,club,{'runs': 12}
539,539,Mohali,male,Priyansh Arya,bat,Punjab Kings,club,{'runs': 18}
540,540,Ahmedabad,male,B Sai Sudharsan,field,Rajasthan Royals,club,{'runs': 58}
541,541,Bengaluru,male,KL Rahul,field,Delhi Capitals,club,{'wickets': 6}
542,542,Chennai,male,SP Narine,field,Kolkata Knight Riders,club,{'wickets': 8}
543,543,Lucknow,male,AK Markram,field,Lucknow Super Giants,club,{'wickets': 6}
544,544,Hyderabad,male,Abhishek Sharma,bat,Punjab Kings,club,{'wickets': 8}
545,545,Jaipur,male,PD Salt,field,Royal Challengers Bengaluru,club,{'wickets': 9}
546,546,Delhi,male,KV Sharma,field,Delhi Capitals,club,{'runs': 12}
547,547,Lucknow,male,MS Dhoni,field,Chennai Super Kings,club,{'wickets': 5}
548,548,Mohali,male,YS Chahal,bat,Punjab Kings,club,{'runs': 16}
549,549,Delhi,male,MA Starc,field,Rajasthan Royals,club,
550,550,Mumbai,male,WG Jacks,field,Mumbai Indians,club,{'wickets': 4}
551,551,Bengaluru,male,TH David,field,Punjab Kings,club,{'wickets': 5}
552,552,Ahmedabad,male,JC Buttler,field,Gujarat Titans,club,{'wickets': 7}
553,553,Jaipur,male,Avesh Khan,bat,Lucknow Super Giants,club,{'runs': 2}
554,554,Mohali,male,V Kohli,field,Royal Challengers Bengaluru,club,{'wickets': 7}
555,555,Mumbai,male,RG Sharma,field,Mumbai Indians,club,{'wickets': 9}
556,556,Kolkata,male,Shubman Gill,field,Kolkata Knight Riders,club,{'runs': 39}
557,557,Lucknow,male,Mukesh Kumar,field,Delhi Capitals,club,{'wickets': 8}
558,558,Hyderabad,male,TA Boult,field,Mumbai Indians,club,{'wickets': 7}
559,559,Bengaluru,male,JR Hazlewood,field,Rajasthan Royals,club,{'runs': 11}
560,560,Chennai,male,HV Patel,field,Sunrisers Hyderabad,club,{'wickets': 5}
561,561,Kolkata,male,,bat,Punjab Kings,club,
562,562,Mumbai,male,WG Jacks,field,Lucknow Super Giants,club,{'runs': 54}
563,563,Delhi,male,KH Pandya,field,Royal Challengers Bengaluru,club,{'wickets': 6}
564,564,Jaipur,male,V Suryavanshi,field,Rajasthan Royals,club,{'wickets': 8}
565,565,Delhi,male,SP Narine,field,Delhi Capitals,club,{'runs': 14}
566,566,Chennai,male,SS Iyer,field,Punjab Kings,club,{'wickets': 4}
567,567,Jaipur,male,RD Rickelton,field,Rajasthan Royals,club,{'runs': 100}
568,568,Ahmedabad,male,M Prasidh Krishna,field,Sunrisers Hyderabad,club,{'runs': 38}
569,569,Bengaluru,male,R Shepherd,field,Chennai Super Kings,club,{'runs': 2}
570,570,Kolkata,male,AD Russell,bat,Kolkata Knight Riders,club,{'runs': 1}
571,571,Dharamsala,male,P Simran Singh,field,Lucknow Super Giants,club,{'runs': 37}
572,572,Hyderabad,male,,field,Sunrisers Hyderabad,club,
573,573,Mumbai,male,Shubman Gill,field,Gujarat Titans,club,{'wickets': 3}
574,574,Kolkata,male,Noor Ahmad,bat,Kolkata Knight Riders,club,{'wickets': 2}
575,575,Dharamsala,male,,bat,Punjab Kings,club,
576,576,Jaipur,male,Harpreet Brar,bat,Punjab Kings,club,{'runs': 10}
577,577,Delhi,male,B Sai Sudharsan,field,Gujarat Titans,club,{'wickets': 10}
578,578,Lucknow,male,Abhishek Sharma,field,Sunrisers Hyderabad,club,{'wickets': 6}
579,579,Delhi,male,Akash Madhwal,field,Rajasthan Royals,club,{'wickets': 6}
580,580,Mumbai,male,SA Yadav,field,Delhi Capitals,club,{'runs': 59}
581,581,Ahmedabad,male,MR Marsh,field,Gujarat Titans,club,{'runs': 33}
582,582,Lucknow,male,Ishan Kishan,field,Royal Challengers Bengaluru,club,{'runs': 42}
583,583,Ahmedabad,male,D Brevis,bat,Chennai Super Kings,club,{'runs': 83}
584,584,Delhi,male,H Klaasen,bat,Sunrisers Hyderabad,club,{'runs': 110}
585,585,Jaipur,male,JP Inglis,field,Punjab Kings,club,{'wickets': 7}
586,586,Lucknow,male,JM Sharma,field,Royal Challengers Bengaluru,club,{'wickets': 6}
587,587,New Chandigarh,male,Suyash Sharma,field,Royal Challengers Bengaluru,club,{'wickets': 8}
588,588,New Chandigarh,male,RG Sharma,bat,Mumbai Indians,club,{'runs': 20}
589,589,Ahmedabad,male,SS Iyer,field,Punjab Kings,club,{'wickets': 5}
590,590,Ahmedabad,male,KH Pandya,field,Punjab Kings,club,{'runs': 6}
591,591,Jaipur,male,Sameer Rizvi,field,Delhi Capitals,club,{'wickets': 6}
592,592,Bangalore,male,BB McCullum,field,Royal Challengers Bangalore,club,{'runs': 140}
593,593,Chandigarh,male,MEK Hussey,bat,Chennai Super Kings,club,{'runs': 33}
594,594,Delhi,male,MF Maharoof,bat,Rajasthan Royals,club,{'wickets': 9}
595,595,Mumbai,male,MV Boucher,bat,Mumbai Indians,club,{'wickets': 5}
596,596,Kolkata,male,DJ Hussey,bat,Deccan Chargers,club,{'wickets': 5}
597,597,Jaipur,male,SR Watson,bat,Kings XI Punjab,club,{'wickets': 6}
598,598,Hyderabad,male,V Sehwag,bat,Deccan Chargers,club,{'wickets': 9}
599,599,Chennai,male,ML Hayden,field,Mumbai Indians,club,{'runs': 6}
600,600,Hyderabad,male,YK Pathan,field,Rajasthan Royals,club,{'wickets': 3}
601,601,Chandigarh,male,KC Sangakkara,field,Mumbai Indians,club,{'runs': 66}
602,602,Bangalore,male,SR Watson,field,Rajasthan Royals,club,{'wickets': 7}
603,603,Chennai,male,JDP Oram,bat,Kolkata Knight Riders,club,{'wickets': 9}
604,604,Mumbai,male,AC Gilchrist,field,Deccan Chargers,club,{'wickets': 10}
605,605,Chandigarh,male,SM Katich,bat,Delhi Daredevils,club,{'wickets': 4}
606,606,Bangalore,male,MS Dhoni,bat,Chennai Super Kings,club,{'runs': 13}
607,607,Kolkata,male,ST Jayasuriya,bat,Kolkata Knight Riders,club,{'wickets': 7}
608,608,Delhi,male,GD McGrath,field,Royal Challengers Bangalore,club,{'runs': 10}
609,609,Hyderabad,male,SE Marsh,field,Kings XI Punjab,club,{'wickets': 7}
610,610,Jaipur,male,SA Asnodkar,bat,Rajasthan Royals,club,{'runs': 45}
611,611,Chennai,male,V Sehwag,bat,Chennai Super Kings,club,{'wickets': 8}
612,612,Hyderabad,male,R Vinay Kumar,bat,Deccan Chargers,club,{'wickets': 5}
613,613,Chandigarh,male,IK Pathan,bat,Kings XI Punjab,club,{'runs': 9}
614,614,Mumbai,male,SM Pollock,field,Delhi Daredevils,club,{'runs': 29}
615,615,Jaipur,male,Sohail Tanvir,bat,Chennai Super Kings,club,{'wickets': 8}
616,616,Bangalore,male,S Sreesanth,field,Kings XI Punjab,club,{'wickets': 6}
617,617,Chennai,male,AC Gilchrist,field,Deccan Chargers,club,{'wickets': 7}
618,618,Mumbai,male,A Nehra,field,Mumbai Indians,club,{'wickets': 7}
619,619,Delhi,male,MS Dhoni,field,Chennai Super Kings,club,{'wickets': 4}
620,620,Kolkata,male,SC Ganguly,bat,Kolkata Knight Riders,club,{'runs': 5}
621,621,Jaipur,male,YK Pathan,field,Rajasthan Royals,club,{'wickets': 8}
622,622,Bangalore,male,CRD Fernando,field,Mumbai Indians,club,{'wickets': 9}
623,623,Chennai,male,L Balaji,field,Kings XI Punjab,club,{'runs': 18}
624,624,Hyderabad,male,SC Ganguly,bat,Kolkata Knight Riders,club,{'runs': 23}
625,625,Jaipur,male,SR Watson,field,Rajasthan Royals,club,{'wickets': 3}
626,626,Chandigarh,male,SE Marsh,bat,Royal Challengers Bangalore,club,{'wickets': 9}
627,627,Kolkata,male,Shoaib Akhtar,bat,Kolkata Knight Riders,club,{'runs': 23}
628,628,Mumbai,male,ST Jayasuriya,field,Mumbai Indians,club,{'wickets': 9}
629,629,Chandigarh,male,SE Marsh,field,Rajasthan Royals,club,{'runs': 41}
630,630,Delhi,male,A Mishra,field,Deccan Chargers,club,{'runs': 12}
631,631,Mumbai,male,SM Pollock,field,Mumbai Indians,club,{'wickets': 8}
632,632,Delhi,male,DPMD Jayawardene,bat,Delhi Daredevils,club,{'runs': 6}
633,633,Jaipur,male,GC Smith,field,Royal Challengers Bangalore,club,{'runs': 65}
634,634,Hyderabad,male,DJ Bravo,field,Deccan Chargers,club,{'runs': 25}
635,635,Kolkata,male,M Ntini,bat,Kolkata Knight Riders,club,{'runs': 3}
636,636,Bangalore,male,SP Goswami,field,Delhi Daredevils,club,{'wickets': 5}
637,637,Kolkata,male,YK Pathan,field,Rajasthan Royals,club,{'wickets': 6}
638,638,Mumbai,male,SE Marsh,field,Mumbai Indians,club,{'runs': 1}
639,639,Chennai,male,A Kumble,bat,Royal Challengers Bangalore,club,{'runs': 14}
640,640,Chandigarh,male,SE Marsh,field,Kings XI Punjab,club,{'wickets': 6}
641,641,Delhi,male,KD Karthik,field,Delhi Daredevils,club,{'wickets': 5}
642,642,Chennai,male,JA Morkel,bat,Rajasthan Royals,club,{'runs': 10}
643,643,Bangalore,male,P Kumar,field,Deccan Chargers,club,{'runs': 3}
644,644,Kolkata,male,Umar Gul,bat,Kings XI Punjab,club,{'wickets': 3}
645,645,Jaipur,male,Sohail Tanvir,field,Rajasthan Royals,club,{'wickets': 5}
646,646,Hyderabad,male,SK Raina,bat,Deccan Chargers,club,{'wickets': 7}
647,647,Mumbai,male,SR Watson,field,Delhi Daredevils,club,{'runs': 105}
648,648,Mumbai,male,M Ntini,bat,Kings XI Punjab,club,{'wickets': 9}
649,649,Mumbai,male,YK Pathan,field,Rajasthan Royals,club,{'wickets': 3}
650,650,Cape Town,male,SR Tendulkar,field,Chennai Super Kings,club,{'runs': 19}
651,651,Cape Town,male,R Dravid,bat,Royal Challengers Bangalore,club,{'runs': 75}
652,652,Cape Town,male,DL Vettori,field,Delhi Daredevils,club,{'wickets': 10}
653,653,Cape Town,male,RP Singh,bat,Kolkata Knight Riders,club,{'wickets': 8}
654,654,Port Elizabeth,male,M Muralitharan,bat,Chennai Super Kings,club,{'runs': 92}
655,655,Durban,male,CH Gayle,field,Kolkata Knight Riders,club,{'runs': 11}
656,656,Cape Town,male,AC Gilchrist,bat,Deccan Chargers,club,{'runs': 24}
657,657,Durban,male,AB de Villiers,bat,Delhi Daredevils,club,{'runs': 9}
658,658,Cape Town,male,YK Pathan,field,Kolkata Knight Riders,club,
659,659,Durban,male,RS Bopara,bat,Royal Challengers Bangalore,club,{'wickets': 7}
660,660,Durban,male,PP Ojha,bat,Deccan Chargers,club,{'runs': 12}
661,661,Port Elizabeth,male,TM Dilshan,bat,Royal Challengers Bangalore,club,{'wickets': 6}
662,662,Cape Town,male,KC Sangakkara,bat,Kings XI Punjab,club,{'runs': 27}
663,663,Durban,male,HH Gibbs,field,Deccan Chargers,club,{'wickets': 6}
664,664,Port Elizabeth,male,SR Tendulkar,bat,Mumbai Indians,club,{'runs': 92}
665,665,Centurion,male,YK Pathan,bat,Delhi Daredevils,club,{'wickets': 5}
666,666,Durban,male,MV Boucher,bat,Kolkata Knight Riders,club,{'wickets': 5}
667,667,Durban,male,KC Sangakkara,bat,Kings XI Punjab,club,{'runs': 3}
668,668,Centurion,male,DP Nannes,field,Delhi Daredevils,club,{'wickets': 6}
669,669,Centurion,male,SK Raina,field,Rajasthan Royals,club,{'runs': 38}
670,670,East London,male,JP Duminy,bat,Mumbai Indians,club,{'runs': 9}
671,671,Durban,male,Yuvraj Singh,bat,Royal Challengers Bangalore,club,{'runs': 8}
672,672,Port Elizabeth,male,YK Pathan,bat,Deccan Chargers,club,{'wickets': 3}
673,673,Johannesburg,male,SB Jakati,field,Delhi Daredevils,club,{'runs': 18}
674,674,Port Elizabeth,male,DPMD Jayawardene,bat,Kolkata Knight Riders,club,{'wickets': 6}
675,675,Johannesburg,male,JH Kallis,bat,Mumbai Indians,club,{'wickets': 9}
676,676,East London,male,MS Dhoni,bat,Chennai Super Kings,club,{'runs': 78}
677,677,Durban,male,GC Smith,field,Kings XI Punjab,club,{'runs': 78}
678,678,Durban,male,G Gambhir,bat,Kolkata Knight Riders,club,{'wickets': 9}
679,679,Centurion,male,RG Sharma,bat,Deccan Chargers,club,{'runs': 19}
680,680,Centurion,male,A Singh,field,Rajasthan Royals,club,{'wickets': 7}
681,681,Centurion,male,ML Hayden,bat,Chennai Super Kings,club,{'runs': 12}
682,682,East London,male,A Nehra,bat,Mumbai Indians,club,{'wickets': 7}
683,683,Kimberley,male,DPMD Jayawardene,field,Kings XI Punjab,club,{'wickets': 3}
684,684,Kimberley,male,S Badrinath,bat,Rajasthan Royals,club,{'wickets': 7}
685,685,Port Elizabeth,male,JP Duminy,bat,Mumbai Indians,club,{'runs': 16}
686,686,Johannesburg,male,A Mishra,field,Delhi Daredevils,club,{'wickets': 7}
687,687,Kimberley,male,DR Smith,bat,Deccan Chargers,club,{'runs': 53}
688,688,Centurion,male,LRPL Taylor,field,Royal Challengers Bangalore,club,{'wickets': 6}
689,689,Centurion,male,Harbhajan Singh,bat,Kings XI Punjab,club,{'wickets': 8}
690,690,Durban,male,R Bhatia,field,Deccan Chargers,club,{'runs': 12}
691,691,Durban,male,LRPL Taylor,bat,Chennai Super Kings,club,{'wickets': 2}
692,692,Durban,male,SK Warne,bat,Rajasthan Royals,club,{'runs': 2}
693,693,Bloemfontein,male,B Lee,field,Kings XI Punjab,club,{'wickets': 6}
694,694,Port Elizabeth,male,ML Hayden,bat,Mumbai Indians,club,{'wickets': 7}
695,695,Johannesburg,male,RG Sharma,field,Deccan Chargers,club,{'wickets': 6}
696,696,Johannesburg,male,Yuvraj Singh,field,Deccan Chargers,club,{'runs': 1}
697,697,Bloemfontein,male,AB de Villiers,bat,Delhi Daredevils,club,{'runs': 14}
698,698,Centurion,male,BJ Hodge,bat,Chennai Super Kings,club,{'wickets': 7}
699,699,Johannesburg,male,JH Kallis,bat,Delhi Daredevils,club,{'wickets': 7}
700,700,Durban,male,LR Shukla,field,Kolkata Knight Riders,club,{'wickets': 4}
701,701,Durban,male,M Muralitharan,bat,Chennai Super Kings,club,{'runs': 24}
702,702,Centurion,male,V Sehwag,field,Delhi Daredevils,club,{'wickets': 4}
703,703,Centurion,male,MK Pandey,bat,Royal Challengers Bangalore,club,{'runs': 12}
704,704,Centurion,male,AC Gilchrist,field,Deccan Chargers,club,{'wickets': 6}
705,705,Johannesburg,male,MK Pandey,field,Royal Challengers Bangalore,club,{'wickets': 6}
706,706,Johannesburg,male,A Kumble,field,Royal Challengers Bangalore,club,{'runs': 6}
707,707,Mumbai,male,AD Mathews,field,Deccan Chargers,club,{'runs': 11}
708,708,Mumbai,male,YK Pathan,bat,Mumbai Indians,club,{'runs': 4}
709,709,Chandigarh,male,G Gambhir,field,Delhi Daredevils,club,{'wickets': 5}
710,710,Kolkata,male,MK Tiwary,field,Kolkata Knight Riders,club,{'wickets': 7}
711,711,Chennai,male,WPUJC Vaas,bat,Deccan Chargers,club,{'runs': 31}
712,712,Ahmedabad,male,V Sehwag,field,Delhi Daredevils,club,{'wickets': 6}
713,713,Bangalore,male,JH Kallis,bat,Kings XI Punjab,club,{'wickets': 8}
714,714,Kolkata,male,MS Dhoni,bat,Chennai Super Kings,club,{'runs': 55}
715,715,Delhi,male,SR Tendulkar,field,Delhi Daredevils,club,{'runs': 98}
716,716,Bangalore,male,JH Kallis,field,Royal Challengers Bangalore,club,{'wickets': 10}
717,717,Delhi,male,ML Hayden,bat,Delhi Daredevils,club,{'wickets': 5}
718,718,Cuttack,male,A Symonds,field,Kings XI Punjab,club,{'runs': 6}
719,719,Ahmedabad,male,AA Jhunjhunwala,bat,Rajasthan Royals,club,{'runs': 34}
720,720,Mumbai,male,JH Kallis,bat,Mumbai Indians,club,{'wickets': 7}
721,721,Cuttack,male,A Symonds,bat,Deccan Chargers,club,{'runs': 10}
722,722,Chennai,male,J Theron,field,Chennai Super Kings,club,
723,723,Mumbai,male,SR Tendulkar,bat,Kolkata Knight Riders,club,{'wickets': 7}
724,724,Bangalore,male,RV Uthappa,field,Chennai Super Kings,club,{'runs': 36}
725,725,Chandigarh,male,AC Voges,field,Kings XI Punjab,club,{'runs': 31}
726,726,Mumbai,male,SR Tendulkar,field,Mumbai Indians,club,{'wickets': 5}
727,727,Ahmedabad,male,YK Pathan,bat,Deccan Chargers,club,{'wickets': 8}
728,728,Chandigarh,male,MK Tiwary,bat,Kolkata Knight Riders,club,{'runs': 39}
729,729,Bangalore,male,KM Jadhav,field,Royal Challengers Bangalore,club,{'runs': 17}
730,730,Ahmedabad,male,NV Ojha,bat,Rajasthan Royals,club,{'runs': 17}
731,731,Mumbai,male,Harbhajan Singh,field,Deccan Chargers,club,{'runs': 41}
732,732,Delhi,male,DA Warner,bat,Delhi Daredevils,club,{'runs': 40}
733,733,Mumbai,male,SL Malinga,field,Mumbai Indians,club,{'wickets': 4}
734,734,Chennai,male,M Vijay,bat,Royal Challengers Bangalore,club,{'wickets': 5}
735,735,Delhi,male,KD Karthik,bat,Delhi Daredevils,club,{'runs': 67}
736,736,Kolkata,male,SC Ganguly,bat,Kolkata Knight Riders,club,{'runs': 24}
737,737,Chandigarh,male,KP Pietersen,bat,Kings XI Punjab,club,{'wickets': 6}
738,738,Chennai,male,M Vijay,bat,Chennai Super Kings,club,{'runs': 23}
739,739,Mumbai,male,AT Rayudu,bat,Mumbai Indians,club,{'runs': 63}
740,740,Kolkata,male,DPMD Jayawardene,bat,Kolkata Knight Riders,club,{'wickets': 8}
741,741,Delhi,male,PD Collingwood,bat,Delhi Daredevils,club,{'runs': 37}
742,742,Nagpur,male,SK Warne,bat,Rajasthan Royals,club,{'runs': 2}
743,743,Chennai,male,SK Raina,bat,Chennai Super Kings,club,{'runs': 24}
744,744,Jaipur,male,MJ Lumb,bat,Kings XI Punjab,club,{'wickets': 9}
745,745,Kolkata,male,SC Ganguly,bat,Kolkata Knight Riders,club,{'runs': 14}
746,746,Bangalore,male,TL Suman,field,Deccan Chargers,club,{'wickets': 7}
747,747,Chandigarh,male,KC Sangakkara,bat,Mumbai Indians,club,{'wickets': 6}
748,748,Nagpur,male,RJ Harris,bat,Chennai Super Kings,club,{'wickets': 6}
749,749,Bangalore,male,R Vinay Kumar,field,Royal Challengers Bangalore,club,{'wickets': 7}
750,750,Delhi,male,PP Chawla,bat,Delhi Daredevils,club,{'wickets': 7}
751,751,Jaipur,male,SR Tendulkar,field,Rajasthan Royals,club,{'runs': 37}
752,752,Nagpur,male,Harmeet Singh,field,Royal Challengers Bangalore,club,{'runs': 13}
753,753,Mumbai,male,KA Pollard,bat,Mumbai Indians,club,{'runs': 39}
754,754,Chennai,male,R Ashwin,bat,Kolkata Knight Riders,club,{'wickets': 9}
755,755,Jaipur,male,KP Pietersen,bat,Rajasthan Royals,club,{'wickets': 5}
756,756,Chennai,male,G Gambhir,bat,Chennai Super Kings,club,{'wickets': 6}
757,757,Dharamsala,male,RG Sharma,field,Deccan Chargers,club,{'wickets': 5}
758,758,Bangalore,male,R McLaren,field,Royal Challengers Bangalore,club,{'runs': 57}
759,759,Kolkata,male,JD Unadkat,bat,Rajasthan Royals,club,{'wickets': 8}
760,760,Dharamsala,male,MS Dhoni,field,Chennai Super Kings,club,{'wickets': 6}
761,761,Delhi,male,A Symonds,bat,Deccan Chargers,club,{'runs': 11}
762,762,Kolkata,male,M Kartik,bat,Mumbai Indians,club,{'wickets': 9}
763,763,Mumbai,male,KA Pollard,bat,Mumbai Indians,club,{'runs': 35}
764,764,Mumbai,male,DE Bollinger,bat,Chennai Super Kings,club,{'runs': 38}
765,765,Mumbai,male,A Kumble,bat,Deccan Chargers,club,{'wickets': 9}
766,766,Mumbai,male,SK Raina,bat,Chennai Super Kings,club,{'runs': 22}
767,767,Chennai,male,S Anirudha,bat,Chennai Super Kings,club,{'runs': 2}
768,768,Hyderabad,male,SK Trivedi,field,Rajasthan Royals,club,{'wickets': 8}
769,769,Kochi,male,AB de Villiers,bat,Kochi Tuskers Kerala,club,{'wickets': 6}
770,770,Delhi,male,SL Malinga,bat,Delhi Daredevils,club,{'wickets': 8}
771,771,Mumbai,male,SB Wagh,bat,Kings XI Punjab,club,{'wickets': 7}
772,772,Kolkata,male,JH Kallis,bat,Kolkata Knight Riders,club,{'runs': 9}
773,773,Jaipur,male,SK Warne,bat,Delhi Daredevils,club,{'wickets': 6}
774,774,Bangalore,male,SR Tendulkar,field,Mumbai Indians,club,{'wickets': 9}
775,775,Chandigarh,male,PC Valthaty,field,Kings XI Punjab,club,{'wickets': 6}
776,776,Mumbai,male,MD Mishra,bat,Kochi Tuskers Kerala,club,{'wickets': 4}
777,777,Hyderabad,male,DW Steyn,field,Royal Challengers Bangalore,club,{'runs': 33}
778,778,Jaipur,male,G Gambhir,field,Kolkata Knight Riders,club,{'wickets': 9}
779,779,Mumbai,male,BB McCullum,field,Kochi Tuskers Kerala,club,{'wickets': 8}
780,780,Chennai,male,MEK Hussey,bat,Chennai Super Kings,club,{'runs': 21}
781,781,Hyderabad,male,PC Valthaty,field,Kings XI Punjab,club,{'wickets': 8}
782,782,Mumbai,male,Yuvraj Singh,field,Delhi Daredevils,club,{'wickets': 3}
783,783,Kolkata,male,L Balaji,field,Kolkata Knight Riders,club,{'wickets': 8}
784,784,Kochi,male,BB McCullum,field,Kochi Tuskers Kerala,club,{'wickets': 7}
785,785,Delhi,male,S Sohal,bat,Deccan Chargers,club,{'runs': 16}
786,786,Mumbai,male,MM Patel,bat,Pune Warriors,club,{'wickets': 7}
787,787,Kolkata,male,DPMD Jayawardene,field,Kolkata Knight Riders,club,{'runs': 6}
788,788,Chandigarh,male,SE Marsh,field,Rajasthan Royals,club,{'runs': 48}
789,789,Mumbai,male,Harbhajan Singh,field,Chennai Super Kings,club,{'runs': 8}
790,790,Kolkata,male,CH Gayle,field,Royal Challengers Bangalore,club,{'wickets': 9}
791,791,Delhi,male,DA Warner,field,Kings XI Punjab,club,{'runs': 29}
792,792,Hyderabad,male,SL Malinga,field,Deccan Chargers,club,{'runs': 37}
793,793,Jaipur,male,SK Warne,field,Rajasthan Royals,club,{'wickets': 8}
794,794,Chennai,male,MEK Hussey,field,Pune Warriors,club,{'runs': 25}
795,795,Delhi,male,V Kohli,field,Royal Challengers Bangalore,club,{'wickets': 3}
796,796,Mumbai,male,DE Bollinger,bat,Pune Warriors,club,{'wickets': 8}
797,797,Kochi,male,I Sharma,field,Kochi Tuskers Kerala,club,{'runs': 55}
798,798,Delhi,male,MK Tiwary,field,Delhi Daredevils,club,{'runs': 17}
799,799,Jaipur,male,J Botha,field,Rajasthan Royals,club,{'wickets': 7}
800,800,Bangalore,male,V Kohli,field,Pune Warriors,club,{'runs': 26}
801,801,Kochi,male,V Sehwag,bat,Delhi Daredevils,club,{'runs': 38}
802,802,Kolkata,male,Iqbal Abdulla,field,Kolkata Knight Riders,club,{'wickets': 8}
803,803,Jaipur,male,LRPL Taylor,field,Rajasthan Royals,club,{'wickets': 6}
804,804,Chennai,male,JA Morkel,bat,Chennai Super Kings,club,{'runs': 19}
805,805,Mumbai,male,KA Pollard,field,Kings XI Punjab,club,{'runs': 23}
806,806,Delhi,male,P Parameswaran,field,Kochi Tuskers Kerala,club,{'wickets': 7}
807,807,Hyderabad,male,YK Pathan,field,Deccan Chargers,club,{'runs': 20}
808,808,Chennai,male,MEK Hussey,bat,Rajasthan Royals,club,{'wickets': 8}
809,809,Mumbai,male,R Sharma,field,Pune Warriors,club,{'runs': 21}
810,810,Kochi,male,BJ Hodge,field,Kolkata Knight Riders,club,{'runs': 17}
811,811,Hyderabad,male,V Sehwag,field,Delhi Daredevils,club,{'wickets': 4}
812,812,Bangalore,male,CH Gayle,field,Kings XI Punjab,club,{'runs': 85}
813,813,Kolkata,male,Iqbal Abdulla,bat,Chennai Super Kings,club,{'runs': 10}
814,814,Mumbai,male,AT Rayudu,field,Delhi Daredevils,club,{'runs': 32}
815,815,Bangalore,male,CH Gayle,bat,Kochi Tuskers Kerala,club,{'wickets': 9}
816,816,Chandigarh,male,R Sharma,bat,Kings XI Punjab,club,{'wickets': 5}
817,817,Jaipur,male,M Vijay,field,Rajasthan Royals,club,{'runs': 63}
818,818,Hyderabad,male,MR Marsh,bat,Deccan Chargers,club,{'wickets': 6}
819,819,Chandigarh,male,BA Bhatt,field,Mumbai Indians,club,{'runs': 76}
820,820,Jaipur,male,S Aravind,field,Royal Challengers Bangalore,club,{'wickets': 9}
821,821,Chennai,male,MS Dhoni,bat,Chennai Super Kings,club,{'runs': 18}
822,822,Indore,male,KD Karthik,field,Kings XI Punjab,club,{'wickets': 6}
823,823,Bangalore,male,CH Gayle,field,Royal Challengers Bangalore,club,{'wickets': 4}
824,824,Mumbai,male,A Mishra,bat,Deccan Chargers,club,{'runs': 10}
825,825,Dharamsala,male,PP Chawla,field,Delhi Daredevils,club,{'runs': 29}
826,826,Indore,male,BJ Hodge,field,Kochi Tuskers Kerala,club,{'wickets': 8}
827,827,Mumbai,male,A Mishra,field,Deccan Chargers,club,{'wickets': 6}
828,828,Dharamsala,male,AC Gilchrist,bat,Kings XI Punjab,club,{'runs': 111}
829,829,Chennai,male,WP Saha,bat,Chennai Super Kings,club,{'runs': 11}
830,830,Mumbai,male,YK Pathan,field,Kolkata Knight Riders,club,{'wickets': 7}
831,831,Mumbai,male,SR Watson,bat,Mumbai Indians,club,{'wickets': 10}
832,832,Dharamsala,male,S Dhawan,field,Kings XI Punjab,club,{'runs': 82}
833,833,Delhi,male,,bat,Delhi Daredevils,club,
834,834,Bangalore,male,CH Gayle,field,Royal Challengers Bangalore,club,{'wickets': 8}
835,835,Kolkata,male,JEC Franklin,field,Mumbai Indians,club,{'wickets': 5}
836,836,Mumbai,male,SK Raina,field,Chennai Super Kings,club,{'wickets': 6}
837,837,Mumbai,male,MM Patel,field,Mumbai Indians,club,{'wickets': 4}
838,838,Chennai,male,CH Gayle,field,Mumbai Indians,club,{'runs': 43}
839,839,Chennai,male,M Vijay,bat,Chennai Super Kings,club,{'runs': 58}
840,840,Chennai,male,RE Levi,field,Mumbai Indians,club,{'wickets': 8}
841,841,Kolkata,male,IK Pathan,field,Delhi Daredevils,club,{'wickets': 8}
842,842,Mumbai,male,SPD Smith,field,Mumbai Indians,club,{'runs': 28}
843,843,Jaipur,male,AM Rahane,field,Kings XI Punjab,club,{'runs': 31}
844,844,Bangalore,male,AB de Villiers,field,Delhi Daredevils,club,{'runs': 20}
845,845,Visakhapatnam,male,RA Jadeja,field,Deccan Chargers,club,{'runs': 74}
846,846,Jaipur,male,BJ Hodge,field,Kolkata Knight Riders,club,{'runs': 22}
847,847,Pune,male,MN Samuels,bat,Pune Warriors,club,{'runs': 22}
848,848,Visakhapatnam,male,RG Sharma,bat,Deccan Chargers,club,{'wickets': 5}
849,849,Bangalore,male,L Balaji,field,Royal Challengers Bangalore,club,{'runs': 42}
850,850,Delhi,male,M Morkel,field,Delhi Daredevils,club,{'wickets': 8}
851,851,Mumbai,male,KA Pollard,field,Rajasthan Royals,club,{'runs': 27}
852,852,Chennai,male,F du Plessis,bat,Royal Challengers Bangalore,club,{'wickets': 5}
853,853,Chandigarh,male,AD Mascarenhas,field,Kings XI Punjab,club,{'wickets': 7}
854,854,Kolkata,male,Shakib Al Hasan,bat,Rajasthan Royals,club,{'wickets': 5}
855,855,Delhi,male,KP Pietersen,bat,Deccan Chargers,club,{'wickets': 5}
856,856,Pune,male,JD Ryder,bat,Chennai Super Kings,club,{'wickets': 7}
857,857,Kolkata,male,SP Narine,field,Kolkata Knight Riders,club,{'runs': 2}
858,858,Bangalore,male,AM Rahane,bat,Rajasthan Royals,club,{'runs': 59}
859,859,Mumbai,male,S Nadeem,field,Delhi Daredevils,club,{'wickets': 7}
860,860,Jaipur,male,BJ Hodge,bat,Deccan Chargers,club,{'wickets': 5}
861,861,Bangalore,male,CH Gayle,bat,Pune Warriors,club,{'wickets': 6}
862,862,Chandigarh,male,G Gambhir,bat,Kings XI Punjab,club,{'wickets': 8}
863,863,Hyderabad,male,DA Warner,bat,Deccan Chargers,club,{'wickets': 9}
864,864,Chennai,male,KMDN Kulasekara,field,Pune Warriors,club,{'runs': 13}
865,865,Chandigarh,male,CH Gayle,field,Royal Challengers Bangalore,club,{'wickets': 5}
866,866,Chennai,male,F du Plessis,bat,Rajasthan Royals,club,{'wickets': 7}
867,867,Delhi,male,SC Ganguly,field,Delhi Daredevils,club,{'runs': 20}
868,868,Mumbai,male,SE Marsh,bat,Mumbai Indians,club,{'wickets': 6}
869,869,Cuttack,male,B Lee,field,Kolkata Knight Riders,club,{'wickets': 5}
870,870,Jaipur,male,AB de Villiers,field,Rajasthan Royals,club,{'runs': 46}
871,871,Pune,male,V Sehwag,bat,Pune Warriors,club,{'wickets': 8}
872,872,Chandigarh,male,AT Rayudu,bat,Kings XI Punjab,club,{'wickets': 4}
873,873,Pune,male,CL White,bat,Deccan Chargers,club,{'runs': 18}
874,874,Delhi,male,V Sehwag,field,Mumbai Indians,club,{'runs': 37}
875,875,Chennai,male,Mandeep Singh,bat,Kings XI Punjab,club,{'runs': 7}
876,876,Kolkata,male,G Gambhir,bat,Kolkata Knight Riders,club,{'runs': 47}
877,877,Delhi,male,V Sehwag,bat,Delhi Daredevils,club,{'runs': 1}
878,878,Mumbai,male,DW Steyn,field,Mumbai Indians,club,{'wickets': 5}
879,879,Chennai,male,G Gambhir,bat,Chennai Super Kings,club,{'wickets': 5}
880,880,Cuttack,male,KC Sangakkara,bat,Deccan Chargers,club,{'runs': 13}
881,881,Jaipur,male,P Negi,bat,Rajasthan Royals,club,{'wickets': 6}
882,882,Bangalore,male,Azhar Mahmood,field,Kings XI Punjab,club,{'wickets': 4}
883,883,Pune,male,SL Malinga,bat,Mumbai Indians,club,{'runs': 1}
884,884,Chennai,male,SK Raina,bat,Chennai Super Kings,club,{'runs': 10}
885,885,Kolkata,male,SP Narine,bat,Kolkata Knight Riders,club,{'runs': 7}
886,886,Chandigarh,male,SR Watson,bat,Rajasthan Royals,club,{'runs': 43}
887,887,Mumbai,male,DR Smith,field,Mumbai Indians,club,{'wickets': 2}
888,888,Bangalore,male,AB de Villiers,field,Royal Challengers Bangalore,club,{'wickets': 5}
889,889,Delhi,male,JH Kallis,bat,Delhi Daredevils,club,{'wickets': 6}
890,890,Pune,male,SR Watson,bat,Pune Warriors,club,{'wickets': 7}
891,891,Hyderabad,male,Mandeep Singh,field,Deccan Chargers,club,{'runs': 25}
892,892,Mumbai,male,CH Gayle,field,Royal Challengers Bangalore,club,{'wickets': 9}
893,893,Jaipur,male,BW Hilfenhaus,field,Chennai Super Kings,club,{'wickets': 4}
894,894,Pune,male,CH Gayle,field,Pune Warriors,club,{'runs': 35}
895,895,Kolkata,male,RG Sharma,bat,Mumbai Indians,club,{'runs': 27}
896,896,Chennai,male,BW Hilfenhaus,field,Chennai Super Kings,club,{'wickets': 9}
897,897,Jaipur,male,A Chandila,bat,Rajasthan Royals,club,{'runs': 45}
898,898,Chandigarh,male,DJ Hussey,bat,Deccan Chargers,club,{'wickets': 4}
899,899,Bangalore,male,AT Rayudu,field,Mumbai Indians,club,{'wickets': 5}
900,900,Kolkata,male,MEK Hussey,field,Chennai Super Kings,club,{'wickets': 5}
901,901,Delhi,male,UT Yadav,bat,Kings XI Punjab,club,{'wickets': 5}
902,902,Mumbai,male,SP Narine,field,Mumbai Indians,club,{'runs': 32}
903,903,Dharamsala,male,AC Gilchrist,field,Kings XI Punjab,club,{'wickets': 6}
904,904,Delhi,male,CH Gayle,field,Delhi Daredevils,club,{'runs': 21}
905,905,Hyderabad,male,DW Steyn,bat,Rajasthan Royals,club,{'wickets': 5}
906,906,Dharamsala,male,UT Yadav,field,Delhi Daredevils,club,{'wickets': 6}
907,907,Pune,male,Shakib Al Hasan,bat,Kolkata Knight Riders,club,{'runs': 34}
908,908,Hyderabad,male,DW Steyn,field,Royal Challengers Bangalore,club,{'runs': 9}
909,909,Jaipur,male,DR Smith,bat,Rajasthan Royals,club,{'wickets': 10}
910,910,Pune,male,YK Pathan,bat,Kolkata Knight Riders,club,{'runs': 18}
911,911,Bangalore,male,MS Dhoni,field,Mumbai Indians,club,{'runs': 38}
912,912,Chennai,male,M Vijay,field,Delhi Daredevils,club,{'runs': 86}
913,913,Chennai,male,MS Bisla,bat,Chennai Super Kings,club,{'wickets': 5}
914,914,Kolkata,male,SP Narine,field,Kolkata Knight Riders,club,{'wickets': 6}
915,915,Bangalore,male,CH Gayle,field,Mumbai Indians,club,{'runs': 2}
916,916,Hyderabad,male,A Mishra,field,Pune Warriors,club,{'runs': 22}
917,917,Delhi,male,R Dravid,bat,Rajasthan Royals,club,{'runs': 5}
918,918,Chennai,male,KA Pollard,bat,Mumbai Indians,club,{'runs': 9}
919,919,Pune,male,M Vohra,bat,Pune Warriors,club,{'wickets': 8}
920,920,Hyderabad,male,GH Vihari,bat,Royal Challengers Bangalore,club,
921,921,Jaipur,male,SK Trivedi,field,Kolkata Knight Riders,club,{'runs': 19}
922,922,Mumbai,male,KD Karthik,bat,Mumbai Indians,club,{'runs': 44}
923,923,Chandigarh,male,MEK Hussey,field,Chennai Super Kings,club,{'wickets': 10}
924,924,Bangalore,male,CH Gayle,field,Royal Challengers Bangalore,club,{'wickets': 8}
925,925,Pune,male,AJ Finch,bat,Rajasthan Royals,club,{'wickets': 7}
926,926,Delhi,male,A Mishra,bat,Delhi Daredevils,club,{'wickets': 3}
927,927,Mumbai,male,RG Sharma,bat,Mumbai Indians,club,{'runs': 41}
928,928,Chennai,male,RA Jadeja,field,Chennai Super Kings,club,{'wickets': 4}
929,929,Kolkata,male,G Gambhir,bat,Kolkata Knight Riders,club,{'runs': 48}
930,930,Jaipur,male,JP Faulkner,field,Rajasthan Royals,club,{'wickets': 6}
931,931,Chennai,male,SPD Smith,bat,Pune Warriors,club,{'runs': 24}
932,932,Chandigarh,male,MS Gony,field,Kolkata Knight Riders,club,{'runs': 4}
933,933,Bangalore,male,V Kohli,field,Royal Challengers Bangalore,club,
934,934,Pune,male,A Mishra,field,Pune Warriors,club,{'runs': 11}
935,935,Jaipur,male,AM Rahane,bat,Rajasthan Royals,club,{'runs': 87}
936,936,Delhi,male,MEK Hussey,bat,Chennai Super Kings,club,{'runs': 86}
937,937,Hyderabad,male,GH Vihari,bat,Kings XI Punjab,club,{'wickets': 5}
938,938,Kolkata,male,RA Jadeja,bat,Kolkata Knight Riders,club,{'wickets': 4}
939,939,Bangalore,male,R Vinay Kumar,field,Royal Challengers Bangalore,club,{'wickets': 7}
940,940,Delhi,male,V Sehwag,bat,Mumbai Indians,club,{'wickets': 9}
941,941,Chandigarh,male,DA Miller,field,Kings XI Punjab,club,{'wickets': 7}
942,942,Chennai,male,MEK Hussey,bat,Rajasthan Royals,club,{'wickets': 5}
943,943,Bangalore,male,CH Gayle,field,Pune Warriors,club,{'runs': 130}
944,944,Dharamsala,male,DA Miller,field,Delhi Daredevils,club,{'runs': 7}
945,945,Kolkata,male,DR Smith,bat,Kolkata Knight Riders,club,{'wickets': 5}
946,946,Chennai,male,MS Dhoni,bat,Sunrisers Hyderabad,club,{'wickets': 5}
947,947,Kolkata,male,JH Kallis,bat,Kings XI Punjab,club,{'wickets': 6}
948,948,Jaipur,male,JP Faulkner,bat,Sunrisers Hyderabad,club,{'wickets': 8}
949,949,Mumbai,male,DR Smith,bat,Mumbai Indians,club,{'runs': 58}
950,950,Chennai,male,MEK Hussey,field,Kolkata Knight Riders,club,{'runs': 14}
951,951,Raipur,male,DA Warner,field,Pune Warriors,club,{'runs': 15}
952,952,Jaipur,male,SV Samson,field,Rajasthan Royals,club,{'wickets': 4}
953,953,Mumbai,male,RG Sharma,bat,Mumbai Indians,club,{'runs': 4}
954,954,Pune,male,MS Dhoni,bat,Chennai Super Kings,club,{'runs': 37}
955,955,Hyderabad,male,I Sharma,bat,Mumbai Indians,club,{'wickets': 7}
956,956,Raipur,male,DA Warner,bat,Kolkata Knight Riders,club,{'wickets': 7}
957,957,Chennai,male,SK Raina,bat,Chennai Super Kings,club,{'runs': 15}
958,958,Pune,male,AB de Villiers,bat,Royal Challengers Bangalore,club,{'runs': 17}
959,959,Kolkata,male,YK Pathan,bat,Rajasthan Royals,club,{'wickets': 8}
960,960,Hyderabad,male,DJG Sammy,bat,Delhi Daredevils,club,{'wickets': 6}
961,961,Bangalore,male,AC Gilchrist,field,Kings XI Punjab,club,{'wickets': 7}
962,962,Mumbai,male,MG Johnson,bat,Mumbai Indians,club,{'runs': 60}
963,963,Jaipur,male,AM Rahane,bat,Pune Warriors,club,{'wickets': 5}
964,964,Bangalore,male,V Kohli,bat,Sunrisers Hyderabad,club,{'wickets': 7}
965,965,Jaipur,male,AM Rahane,bat,Delhi Daredevils,club,{'wickets': 9}
966,966,Mumbai,male,SR Tendulkar,bat,Mumbai Indians,club,{'runs': 65}
967,967,Hyderabad,male,SK Raina,field,Sunrisers Hyderabad,club,{'runs': 77}
968,968,Chandigarh,male,KK Cooper,field,Rajasthan Royals,club,{'wickets': 8}
969,969,Pune,male,G Gambhir,bat,Kolkata Knight Riders,club,{'runs': 46}
970,970,Delhi,male,JD Unadkat,field,Delhi Daredevils,club,{'runs': 4}
971,971,Pune,male,MG Johnson,bat,Pune Warriors,club,{'wickets': 5}
972,972,Chandigarh,male,PA Patel,field,Kings XI Punjab,club,{'runs': 30}
973,973,Ranchi,male,JH Kallis,field,Kolkata Knight Riders,club,{'wickets': 5}
974,974,Jaipur,male,SR Watson,field,Rajasthan Royals,club,{'wickets': 5}
975,975,Delhi,male,Harmeet Singh,field,Kings XI Punjab,club,{'wickets': 5}
976,976,Mumbai,male,KA Pollard,bat,Sunrisers Hyderabad,club,{'wickets': 7}
977,977,Ranchi,male,MK Pandey,field,Kolkata Knight Riders,club,{'runs': 7}
978,978,Chennai,male,MS Dhoni,bat,Chennai Super Kings,club,{'runs': 33}
979,979,Mumbai,male,AP Tare,field,Rajasthan Royals,club,{'runs': 14}
980,980,Chandigarh,male,DA Miller,field,Kings XI Punjab,club,{'wickets': 6}
981,981,Hyderabad,male,A Mishra,bat,Sunrisers Hyderabad,club,{'runs': 23}
982,982,Dharamsala,male,Azhar Mahmood,field,Mumbai Indians,club,{'runs': 50}
983,983,Pune,male,LJ Wright,bat,Pune Warriors,club,{'runs': 38}
984,984,Bangalore,male,V Kohli,field,Chennai Super Kings,club,{'runs': 24}
985,985,Hyderabad,male,PA Patel,bat,Kolkata Knight Riders,club,{'wickets': 5}
986,986,Delhi,male,MEK Hussey,bat,Chennai Super Kings,club,{'runs': 48}
987,987,Delhi,male,BJ Hodge,bat,Sunrisers Hyderabad,club,{'wickets': 4}
988,988,Kolkata,male,Harbhajan Singh,bat,Rajasthan Royals,club,{'wickets': 4}
989,989,Kolkata,male,KA Pollard,bat,Mumbai Indians,club,{'runs': 23}
990,990,Abu Dhabi,male,JH Kallis,bat,Kolkata Knight Riders,club,{'runs': 41}
991,991,,male,YS Chahal,field,Royal Challengers Bangalore,club,{'wickets': 8}
992,992,Abu Dhabi,male,GJ Maxwell,bat,Chennai Super Kings,club,{'wickets': 6}
993,993,Abu Dhabi,male,AM Rahane,field,Rajasthan Royals,club,{'wickets': 4}
994,994,,male,PA Patel,field,Royal Challengers Bangalore,club,{'wickets': 7}
995,995,,male,JP Duminy,bat,Kolkata Knight Riders,club,{'wickets': 4}
996,996,,male,GJ Maxwell,field,Kings XI Punjab,club,{'wickets': 7}
997,997,Abu Dhabi,male,SK Raina,bat,Chennai Super Kings,club,{'runs': 93}
998,998,,male,GJ Maxwell,field,Sunrisers Hyderabad,club,{'runs': 72}
999,999,,male,RA Jadeja,field,Rajasthan Royals,club,{'runs': 7}
1000,1000,,male,CA Lynn,field,Royal Challengers Bangalore,club,{'runs': 2}
1001,1001,,male,AJ Finch,bat,Sunrisers Hyderabad,club,{'runs': 4}
1002,1002,,male,MM Sharma,bat,Mumbai Indians,club,{'wickets': 7}
1003,1003,Abu Dhabi,male,PV Tambe,field,Rajasthan Royals,club,{'wickets': 6}
1004,1004,Abu Dhabi,male,Sandeep Sharma,field,Kolkata Knight Riders,club,{'runs': 23}
1005,1005,,male,M Vijay,bat,Mumbai Indians,club,{'wickets': 6}
1006,1006,,male,DR Smith,bat,Sunrisers Hyderabad,club,{'wickets': 5}
1007,1007,,male,Sandeep Sharma,field,Kings XI Punjab,club,{'wickets': 5}
1008,1008,Abu Dhabi,male,JP Faulkner,bat,Rajasthan Royals,club,
1009,1009,,male,B Kumar,field,Mumbai Indians,club,{'runs': 15}
1010,1010,Ranchi,male,RA Jadeja,bat,Chennai Super Kings,club,{'runs': 34}
1011,1011,Mumbai,male,CJ Anderson,bat,Kings XI Punjab,club,{'wickets': 5}
1012,1012,Delhi,male,KK Nair,field,Rajasthan Royals,club,{'wickets': 7}
1013,1013,Bangalore,male,AB de Villiers,field,Royal Challengers Bangalore,club,{'wickets': 4}
1014,1014,Ahmedabad,male,PV Tambe,field,Kolkata Knight Riders,club,{'runs': 10}
1015,1015,Delhi,male,DR Smith,field,Chennai Super Kings,club,{'wickets': 8}
1016,1016,Mumbai,male,RG Sharma,field,Royal Challengers Bangalore,club,{'runs': 19}
1017,1017,Delhi,male,G Gambhir,bat,Delhi Daredevils,club,{'wickets': 8}
1018,1018,Cuttack,male,GJ Maxwell,field,Chennai Super Kings,club,{'runs': 44}
1019,1019,Ahmedabad,male,B Kumar,field,Rajasthan Royals,club,{'runs': 32}
1020,1020,Bangalore,male,Sandeep Sharma,field,Royal Challengers Bangalore,club,{'runs': 32}
1021,1021,Delhi,male,DW Steyn,field,Sunrisers Hyderabad,club,{'wickets': 8}
1022,1022,Mumbai,male,DR Smith,field,Chennai Super Kings,club,{'wickets': 4}
1023,1023,Cuttack,male,G Gambhir,field,Kolkata Knight Riders,club,{'wickets': 9}
1024,1024,Bangalore,male,JP Faulkner,bat,Royal Challengers Bangalore,club,{'wickets': 5}
1025,1025,Hyderabad,male,AT Rayudu,bat,Sunrisers Hyderabad,club,{'wickets': 7}
1026,1026,Ranchi,male,RA Jadeja,bat,Rajasthan Royals,club,{'wickets': 5}
1027,1027,Bangalore,male,Yuvraj Singh,field,Delhi Daredevils,club,{'runs': 16}
1028,1028,Hyderabad,male,WP Saha,field,Kings XI Punjab,club,{'wickets': 6}
1029,1029,Cuttack,male,RV Uthappa,field,Kolkata Knight Riders,club,{'wickets': 6}
1030,1030,Ahmedabad,male,AM Rahane,field,Delhi Daredevils,club,{'runs': 62}
1031,1031,Ranchi,male,AB de Villiers,bat,Chennai Super Kings,club,{'wickets': 5}
1032,1032,Hyderabad,male,UT Yadav,bat,Sunrisers Hyderabad,club,{'wickets': 7}
1033,1033,Ahmedabad,male,MEK Hussey,bat,Mumbai Indians,club,{'runs': 25}
1034,1034,Delhi,male,AR Patel,field,Kings XI Punjab,club,{'wickets': 4}
1035,1035,Hyderabad,male,DA Warner,bat,Royal Challengers Bangalore,club,{'wickets': 7}
1036,1036,Kolkata,male,RV Uthappa,field,Kolkata Knight Riders,club,{'wickets': 8}
1037,1037,Chandigarh,male,LMP Simmons,field,Mumbai Indians,club,{'wickets': 7}
1038,1038,Kolkata,male,RV Uthappa,field,Royal Challengers Bangalore,club,{'runs': 30}
1039,1039,Ranchi,male,DA Warner,field,Sunrisers Hyderabad,club,{'wickets': 6}
1040,1040,Mumbai,male,MEK Hussey,field,Delhi Daredevils,club,{'runs': 15}
1041,1041,Chandigarh,male,SE Marsh,field,Rajasthan Royals,club,{'runs': 16}
1042,1042,Bangalore,male,MS Dhoni,field,Chennai Super Kings,club,{'wickets': 8}
1043,1043,Kolkata,male,YK Pathan,field,Kolkata Knight Riders,club,{'wickets': 4}
1044,1044,Chandigarh,male,M Vohra,field,Kings XI Punjab,club,{'wickets': 7}
1045,1045,Mumbai,male,CJ Anderson,field,Mumbai Indians,club,{'wickets': 5}
1046,1046,Kolkata,male,UT Yadav,field,Kings XI Punjab,club,{'runs': 28}
1047,1047,Mumbai,male,SK Raina,field,Chennai Super Kings,club,{'wickets': 7}
1048,1048,Mumbai,male,V Sehwag,field,Chennai Super Kings,club,{'runs': 24}
1049,1049,Bangalore,male,MK Pandey,field,Kolkata Knight Riders,club,{'wickets': 3}
1050,1050,Kolkata,male,M Morkel,field,Kolkata Knight Riders,club,{'wickets': 7}
1051,1051,Chennai,male,A Nehra,field,Delhi Daredevils,club,{'runs': 1}
1052,1052,Pune,male,JP Faulkner,field,Kings XI Punjab,club,{'runs': 26}
1053,1053,Chennai,male,BB McCullum,bat,Chennai Super Kings,club,{'runs': 45}
1054,1054,Kolkata,male,CH Gayle,field,Royal Challengers Bangalore,club,{'wickets': 3}
1055,1055,Delhi,male,DJ Hooda,field,Rajasthan Royals,club,{'wickets': 3}
1056,1056,Mumbai,male,GJ Bailey,field,Mumbai Indians,club,{'runs': 18}
1057,1057,Bangalore,male,DA Warner,field,Sunrisers Hyderabad,club,{'wickets': 8}
1058,1058,Ahmedabad,male,SPD Smith,bat,Mumbai Indians,club,{'wickets': 7}
1059,1059,Kolkata,male,AD Russell,field,Kolkata Knight Riders,club,{'wickets': 7}
1060,1060,Pune,male,MA Agarwal,bat,Kings XI Punjab,club,{'wickets': 5}
1061,1061,Visakhapatnam,male,AM Rahane,field,Rajasthan Royals,club,{'wickets': 6}
1062,1062,Mumbai,male,A Nehra,bat,Mumbai Indians,club,{'wickets': 6}
1063,1063,Visakhapatnam,male,JP Duminy,bat,Delhi Daredevils,club,{'runs': 4}
1064,1064,Pune,male,AD Russell,field,Kolkata Knight Riders,club,{'wickets': 4}
1065,1065,Ahmedabad,male,AM Rahane,bat,Chennai Super Kings,club,{'wickets': 8}
1066,1066,Bangalore,male,Harbhajan Singh,field,Royal Challengers Bangalore,club,{'runs': 18}
1067,1067,Delhi,male,UT Yadav,field,Kolkata Knight Riders,club,{'wickets': 6}
1068,1068,Ahmedabad,male,SE Marsh,field,Kings XI Punjab,club,
1069,1069,Visakhapatnam,male,DA Warner,field,Kolkata Knight Riders,club,{'runs': 16}
1070,1070,Bangalore,male,SK Raina,field,Royal Challengers Bangalore,club,{'runs': 27}
1071,1071,Delhi,male,SS Iyer,field,Mumbai Indians,club,{'runs': 37}
1072,1072,Ahmedabad,male,MA Starc,field,Royal Challengers Bangalore,club,{'wickets': 9}
1073,1073,Mumbai,male,SL Malinga,bat,Mumbai Indians,club,{'runs': 20}
1074,1074,Chennai,male,BB McCullum,bat,Chennai Super Kings,club,{'runs': 97}
1075,1075,Delhi,male,VR Aaron,field,Royal Challengers Bangalore,club,{'wickets': 10}
1076,1076,Chandigarh,male,TA Boult,field,Kings XI Punjab,club,{'runs': 20}
1077,1077,Kolkata,male,PP Chawla,bat,Kolkata Knight Riders,club,{'runs': 13}
1078,1078,Bangalore,male,,field,Rajasthan Royals,club,
1079,1079,Chennai,male,DJ Bravo,field,Kolkata Knight Riders,club,{'runs': 2}
1080,1080,Delhi,male,NM Coulter-Nile,field,Delhi Daredevils,club,{'wickets': 9}
1081,1081,Mumbai,male,AT Rayudu,field,Rajasthan Royals,club,{'runs': 8}
1082,1082,Bangalore,male,Mandeep Singh,field,Royal Challengers Bangalore,club,{'wickets': 7}
1083,1083,Hyderabad,male,DA Warner,field,Chennai Super Kings,club,{'runs': 22}
1084,1084,Chandigarh,male,LMP Simmons,bat,Mumbai Indians,club,{'runs': 23}
1085,1085,Mumbai,male,AM Rahane,field,Delhi Daredevils,club,{'runs': 14}
1086,1086,Chennai,male,SK Raina,bat,Chennai Super Kings,club,{'runs': 24}
1087,1087,Kolkata,male,UT Yadav,field,Sunrisers Hyderabad,club,{'runs': 35}
1088,1088,Mumbai,male,Harbhajan Singh,bat,Delhi Daredevils,club,{'wickets': 5}
1089,1089,Bangalore,male,CH Gayle,field,Kings XI Punjab,club,{'runs': 138}
1090,1090,Mumbai,male,EJG Morgan,field,Rajasthan Royals,club,{'runs': 7}
1091,1091,Chennai,male,HH Pandya,bat,Chennai Super Kings,club,{'wickets': 6}
1092,1092,Kolkata,male,AD Russell,bat,Kings XI Punjab,club,{'wickets': 1}
1093,1093,Raipur,male,MC Henriques,bat,Sunrisers Hyderabad,club,{'runs': 6}
1094,1094,Mumbai,male,AB de Villiers,bat,Royal Challengers Bangalore,club,{'runs': 39}
1095,1095,Chennai,male,RA Jadeja,bat,Chennai Super Kings,club,{'runs': 12}
1096,1096,Hyderabad,male,DA Warner,bat,Sunrisers Hyderabad,club,{'runs': 5}
1097,1097,Raipur,male,Z Khan,bat,Chennai Super Kings,club,{'wickets': 6}
1098,1098,Chandigarh,male,AR Patel,field,Royal Challengers Bangalore,club,{'runs': 22}
1099,1099,Mumbai,male,HH Pandya,field,Kolkata Knight Riders,club,{'runs': 5}
1100,1100,Hyderabad,male,V Kohli,bat,Sunrisers Hyderabad,club,{'wickets': 6}
1101,1101,Chandigarh,male,P Negi,bat,Kings XI Punjab,club,{'wickets': 7}
1102,1102,Mumbai,male,SR Watson,bat,Rajasthan Royals,club,{'runs': 9}
1103,1103,Bangalore,male,,field,Royal Challengers Bangalore,club,
1104,1104,Hyderabad,male,MJ McClenaghan,bat,Sunrisers Hyderabad,club,{'wickets': 9}
1105,1105,Mumbai,male,KA Pollard,bat,Mumbai Indians,club,{'runs': 25}
1106,1106,Pune,male,AB de Villiers,bat,Royal Challengers Bangalore,club,{'runs': 71}
1107,1107,Ranchi,male,A Nehra,field,Chennai Super Kings,club,{'wickets': 3}
1108,1108,Kolkata,male,RG Sharma,field,Chennai Super Kings,club,{'runs': 41}
1109,1109,Mumbai,male,AM Rahane,bat,Mumbai Indians,club,{'wickets': 9}
1110,1110,Kolkata,male,AD Russell,field,Kolkata Knight Riders,club,{'wickets': 9}
1111,1111,Chandigarh,male,AJ Finch,field,Gujarat Lions,club,{'wickets': 5}
1112,1112,Bangalore,male,AB de Villiers,field,Sunrisers Hyderabad,club,{'runs': 45}
1113,1113,Kolkata,male,RG Sharma,field,Mumbai Indians,club,{'wickets': 6}
1114,1114,Rajkot,male,AJ Finch,bat,Rising Pune Supergiants,club,{'wickets': 7}
1115,1115,Delhi,male,A Mishra,field,Delhi Daredevils,club,{'wickets': 8}
1116,1116,Hyderabad,male,G Gambhir,bat,Sunrisers Hyderabad,club,{'wickets': 8}
1117,1117,Mumbai,male,AJ Finch,field,Gujarat Lions,club,{'wickets': 3}
1118,1118,Chandigarh,male,M Vohra,bat,Rising Pune Supergiants,club,{'wickets': 6}
1119,1119,Bangalore,male,Q de Kock,field,Delhi Daredevils,club,{'wickets': 7}
1120,1120,Hyderabad,male,DA Warner,field,Sunrisers Hyderabad,club,{'wickets': 7}
1121,1121,Chandigarh,male,RV Uthappa,field,Kolkata Knight Riders,club,{'wickets': 6}
1122,1122,Mumbai,male,RG Sharma,field,Mumbai Indians,club,{'wickets': 6}
1123,1123,Rajkot,male,B Kumar,field,Sunrisers Hyderabad,club,{'wickets': 10}
1124,1124,Pune,male,AB de Villiers,field,Rising Pune Supergiants,club,{'runs': 13}
1125,1125,Delhi,male,SV Samson,field,Mumbai Indians,club,{'runs': 10}
1126,1126,Hyderabad,male,Mustafizur Rahman,field,Sunrisers Hyderabad,club,{'wickets': 5}
1127,1127,Rajkot,male,V Kohli,bat,Royal Challengers Bangalore,club,{'wickets': 6}
1128,1128,Pune,male,SA Yadav,field,Kolkata Knight Riders,club,{'wickets': 2}
1129,1129,Chandigarh,male,PA Patel,field,Kings XI Punjab,club,{'runs': 25}
1130,1130,Hyderabad,male,AB Dinda,field,Rising Pune Supergiants,club,{'runs': 34}
1131,1131,Delhi,male,CH Morris,field,Delhi Daredevils,club,{'runs': 1}
1132,1132,Mumbai,male,RG Sharma,field,Mumbai Indians,club,{'wickets': 6}
1133,1133,Pune,male,DR Smith,field,Gujarat Lions,club,{'wickets': 3}
1134,1134,Delhi,male,CR Brathwaite,field,Kolkata Knight Riders,club,{'runs': 27}
1135,1135,Hyderabad,male,DA Warner,field,Royal Challengers Bangalore,club,{'runs': 15}
1136,1136,Rajkot,male,AR Patel,field,Gujarat Lions,club,{'runs': 23}
1137,1137,Pune,male,RG Sharma,field,Mumbai Indians,club,{'wickets': 8}
1138,1138,Bangalore,male,AD Russell,field,Kolkata Knight Riders,club,{'wickets': 5}
1139,1139,Rajkot,male,RR Pant,field,Delhi Daredevils,club,{'wickets': 8}
1140,1140,Kolkata,male,AD Russell,field,Kings XI Punjab,club,{'runs': 7}
1141,1141,Delhi,male,AM Rahane,field,Rising Pune Supergiants,club,{'wickets': 7}
1142,1142,Hyderabad,male,B Kumar,field,Sunrisers Hyderabad,club,{'wickets': 5}
1143,1143,Bangalore,male,V Kohli,field,Royal Challengers Bangalore,club,{'wickets': 7}
1144,1144,Chandigarh,male,MP Stoinis,field,Delhi Daredevils,club,{'runs': 9}
1145,1145,Visakhapatnam,male,A Nehra,field,Mumbai Indians,club,{'runs': 85}
1146,1146,Kolkata,male,P Kumar,field,Gujarat Lions,club,{'wickets': 5}
1147,1147,Chandigarh,male,SR Watson,field,Kings XI Punjab,club,{'runs': 1}
1148,1148,Visakhapatnam,male,A Zampa,bat,Sunrisers Hyderabad,club,{'runs': 4}
1149,1149,Bangalore,male,KH Pandya,field,Mumbai Indians,club,{'wickets': 6}
1150,1150,Hyderabad,male,CH Morris,field,Delhi Daredevils,club,{'wickets': 7}
1151,1151,Visakhapatnam,male,MP Stoinis,bat,Mumbai Indians,club,{'wickets': 7}
1152,1152,Bangalore,male,AB de Villiers,field,Gujarat Lions,club,{'runs': 144}
1153,1153,Kolkata,male,YK Pathan,bat,Rising Pune Supergiants,club,{'wickets': 8}
1154,1154,Chandigarh,male,HM Amla,bat,Kings XI Punjab,club,{'wickets': 7}
1155,1155,Visakhapatnam,male,KH Pandya,field,Delhi Daredevils,club,{'runs': 80}
1156,1156,Kolkata,male,V Kohli,field,Royal Challengers Bangalore,club,{'wickets': 9}
1157,1157,Visakhapatnam,male,AB Dinda,field,Rising Pune Supergiants,club,{'runs': 19}
1158,1158,Bangalore,male,V Kohli,field,Kings XI Punjab,club,{'runs': 82}
1159,1159,Kanpur,male,DR Smith,field,Gujarat Lions,club,{'wickets': 6}
1160,1160,Raipur,male,KK Nair,field,Delhi Daredevils,club,{'wickets': 6}
1161,1161,Visakhapatnam,male,MS Dhoni,bat,Kings XI Punjab,club,{'wickets': 4}
1162,1162,Kanpur,male,SK Raina,field,Gujarat Lions,club,{'wickets': 6}
1163,1163,Kolkata,male,YK Pathan,field,Sunrisers Hyderabad,club,{'runs': 22}
1164,1164,Raipur,male,V Kohli,field,Royal Challengers Bangalore,club,{'wickets': 6}
1165,1165,Bangalore,male,AB de Villiers,field,Royal Challengers Bangalore,club,{'wickets': 4}
1166,1166,Delhi,male,MC Henriques,field,Kolkata Knight Riders,club,{'runs': 22}
1167,1167,Delhi,male,DA Warner,field,Sunrisers Hyderabad,club,{'wickets': 4}
1168,1168,Bangalore,male,BCJ Cutting,bat,Sunrisers Hyderabad,club,{'runs': 8}
